Col156.1_NC_009781	0	0	.	.	Original name was Col156_1_NC_009781
Col3M.1_JX514065	0	0	.	.	Original name was Col3M_1_JX514065
Col440I.1_CP023920	0	0	.	.	Original name was Col440I_1_CP023920
Col440II.1_CP023921	0	0	.	.	Original name was Col440II_1_CP023921
Col8282.1_DQ995352	0	0	.	.	Original name was Col8282_1_DQ995352
ColE10.1_X01654	0	0	.	.	Original name was ColE10_1_X01654
ColKP3.1_JN205800	0	0	.	.	Original name was ColKP3_1_JN205800
ColRNAI.1_DQ298019	0	0	.	.	Original name was ColRNAI_1_DQ298019
Col_BS512_.1_NC_010656	0	0	.	.	Original name was Col(BS512)_1_NC_010656
Col_IMGS31_.1_NC_011406	0	0	.	.	Original name was Col(IMGS31)_1_NC_011406
Col_IRGK_.1_AY543071	0	0	.	.	Original name was Col(IRGK)_1_AY543071
Col_KPHS6_.1_NC_016841	0	0	.	.	Original name was Col(KPHS6)_1_NC_016841
Col_MG828_.1_NC_008486	0	0	.	.	Original name was Col(MG828)_1_NC_008486
Col_MGD2_.1_NC_003789	0	0	.	.	Original name was Col(MGD2)_1_NC_003789
Col_MP18_.1_NC_013652	0	0	.	.	Original name was Col(MP18)_1_NC_013652
Col_SD853_.1_NC_015392	0	0	.	.	Original name was Col(SD853)_1_NC_015392
Col_VCM04_.1_HM231165	0	0	.	.	Original name was Col(VCM04)_1_HM231165
Col_YC_.1_NC_002144	0	0	.	.	Original name was Col(YC)_1_NC_002144
Col_YF27601_.1_JF937655	0	0	.	.	Original name was Col(YF27601)_1_JF937655
Col_Ye4449_.1_FJ696405	0	0	.	.	Original name was Col(Ye4449)_1_FJ696405
Col_pHAD28_.1_KU674895	0	0	.	.	Original name was Col(pHAD28)_1_KU674895
Col_pWES_.1_DQ268764	0	0	.	.	Original name was Col(pWES)_1_DQ268764
ColpVC.1_JX133088	0	0	.	.	Original name was ColpVC_1_JX133088
FIA_pBK30683_.1_KF954760	0	0	.	.	Original name was FIA(pBK30683)_1_KF954760
FII_pBK30683_.1_KF954760	0	0	.	.	Original name was FII(pBK30683)_1_KF954760
IncA.1_FJ705807	0	0	.	.	Original name was IncA_1_FJ705807
IncB_O_K_Z.1_CU928147	0	0	.	.	Original name was IncB/O/K/Z_1_CU928147
IncB_O_K_Z.2_GU256641	0	0	.	.	Original name was IncB/O/K/Z_2_GU256641
IncB_O_K_Z.3_GQ259888	0	0	.	.	Original name was IncB/O/K/Z_3_GQ259888
IncB_O_K_Z.4_FN868832	0	0	.	.	Original name was IncB/O/K/Z_4_FN868832
IncC.1_JN157804	0	0	.	.	Original name was IncC_1_JN157804
IncFIA.1_AP001918	0	0	.	.	Original name was IncFIA_1_AP001918
IncFIA_HI1_.1_AF250878	0	0	.	.	Original name was IncFIA(HI1)_1_AF250878
IncFIB_AP001918_.1_AP001918	0	0	.	.	Original name was IncFIB(AP001918)_1_AP001918
IncFIB_H89_PhagePlasmid_.1_HG530657	0	0	.	.	Original name was IncFIB(H89-PhagePlasmid)_1_HG530657
IncFIB_K_.1_JN233704	0	0	.	.	Original name was IncFIB(K)_1_JN233704
IncFIB_S_.1_FN432031	0	0	.	.	Original name was IncFIB(S)_1_FN432031
IncFIB_pB171_.1_AB024946	0	0	.	.	Original name was IncFIB(pB171)_1_AB024946
IncFIB_pCTU1_.1_FN543094	0	0	.	.	Original name was IncFIB(pCTU1)_1_FN543094
IncFIB_pCTU3_.1_FN543096	0	0	.	.	Original name was IncFIB(pCTU3)_1_FN543096
IncFIB_pECLA_.1_CP001919	0	0	.	.	Original name was IncFIB(pECLA)_1_CP001919
IncFIB_pENTAS01_.1_CP003027	0	0	.	.	Original name was IncFIB(pENTAS01)_1_CP003027
IncFIB_pENTE01_.1_CP000654	0	0	.	.	Original name was IncFIB(pENTE01)_1_CP000654
IncFIB_pHCM2_.1_AL513384	0	0	.	.	Original name was IncFIB(pHCM2)_1_AL513384
IncFIB_pKPHS1_.1_CP003223	0	0	.	.	Original name was IncFIB(pKPHS1)_1_CP003223
IncFIB_pLF82_PhagePlasmid_.1_CU638872	0	0	.	.	Original name was IncFIB(pLF82-PhagePlasmid)_1_CU638872
IncFIB_pN55391_.1_CP016411	0	0	.	.	Original name was IncFIB(pN55391)_1_CP016411
IncFIB_pNDM_Mar_.1_JN420336	0	0	.	.	Original name was IncFIB(pNDM-Mar)_1_JN420336
IncFIB_pQil_.1_JN233705	0	0	.	.	Original name was IncFIB(pQil)_1_JN233705
IncFIC_FII_.1_AP001918	0	0	.	.	Original name was IncFIC(FII)_1_AP001918
IncFII.1_AY458016	0	0	.	.	Original name was IncFII_1_AY458016
IncFII_29_.1_CP003035	0	0	.	.	Original name was IncFII(29)_1_CP003035
IncFII_K_.1_CP000648	0	0	.	.	Original name was IncFII(K)_1_CP000648
IncFII_SARC14_.1_JQ418540	0	0	.	.	Original name was IncFII(SARC14)_1_JQ418540
IncFII_S_.1_CP000858	0	0	.	.	Original name was IncFII(S)_1_CP000858
IncFII_Serratia_.1_NC_009829	0	0	.	.	Original name was IncFII(Serratia)_1_NC_009829
IncFII_Y_.1_CP001049	0	0	.	.	Original name was IncFII(Y)_1_CP001049
IncFII_Yp_.1_CP000670	0	0	.	.	Original name was IncFII(Yp)_1_CP000670
IncFII_p14_.1_JQ418538	0	0	.	.	Original name was IncFII(p14)_1_JQ418538
IncFII_p96A_.1_JQ418521	0	0	.	.	Original name was IncFII(p96A)_1_JQ418521
IncFII_pAMA1167_NDM_5_.1_CP024805	0	0	.	.	Original name was IncFII(pAMA1167-NDM-5)_1_CP024805
IncFII_pCRY_.1_NC_005814	0	0	.	.	Original name was IncFII(pCRY)_1_NC_005814
IncFII_pCTU2_.1_FN543095	0	0	.	.	Original name was IncFII(pCTU2)_1_FN543095
IncFII_pCoo_.1_CR942285	0	0	.	.	Original name was IncFII(pCoo)_1_CR942285
IncFII_pECLA_.1_CP001919	0	0	.	.	Original name was IncFII(pECLA)_1_CP001919
IncFII_pENTA_.1_CP003027	0	0	.	.	Original name was IncFII(pENTA)_1_CP003027
IncFII_pHN7A8_.1_JN232517	0	0	.	.	Original name was IncFII(pHN7A8)_1_JN232517
IncFII_pKP91_.1_CP000966	0	0	.	.	Original name was IncFII(pKP91)_1_CP000966
IncFII_pKPX1_.1_AP012055	0	0	.	.	Original name was IncFII(pKPX1)_1_AP012055
IncFII_pMET_.1_EU383016	0	0	.	.	Original name was IncFII(pMET)_1_EU383016
IncFII_pRSB107_.1_AJ851089	0	0	.	.	Original name was IncFII(pRSB107)_1_AJ851089
IncFII_pSE11_.1_AP009242	0	0	.	.	Original name was IncFII(pSE11)_1_AP009242
IncFII_pSFO_.1_AF401292	0	0	.	.	Original name was IncFII(pSFO)_1_AF401292
IncFII_pYVa12790_.1_AY150843	0	0	.	.	Original name was IncFII(pYVa12790)_1_AY150843
IncFII_pseudo_.1_NC_011759	0	0	.	.	Original name was IncFII(pseudo)_1_NC_011759
IncHI1A.1_AF250878	0	0	.	.	Original name was IncHI1A_1_AF250878
IncHI1A_NDM_CIT_.1_JX182975	0	0	.	.	Original name was IncHI1A(NDM-CIT)_1_JX182975
IncHI1B_R27_.1_AF250878	0	0	.	.	Original name was IncHI1B(R27)_1_AF250878
IncHI1B_pNDM_CIT_.1_JX182975	0	0	.	.	Original name was IncHI1B(pNDM-CIT)_1_JX182975
IncHI1B_pNDM_MAR_.1_JN420336	0	0	.	.	Original name was IncHI1B(pNDM-MAR)_1_JN420336
IncHI2.1_BX664015	0	0	.	.	Original name was IncHI2_1_BX664015
IncHI2A.1_BX664015	0	0	.	.	Original name was IncHI2A_1_BX664015
IncI.Gamma_1_AP011954	0	0	.	.	Original name was IncI_Gamma_1_AP011954
IncI1_I_gamma_.1_AP005147	0	0	.	.	Original name was IncI1-I(gamma)_1_AP005147
IncI2.1_KP347127	0	0	.	.	Original name was IncI2_1_KP347127
IncI2_Delta_.1_AP002527	0	0	.	.	Original name was IncI2(Delta)_1_AP002527
IncL.1_JN626286	0	0	.	.	Original name was IncL_1_JN626286
IncM1.1_U27345	0	0	.	.	Original name was IncM1_1_U27345
IncM2.1_AF550415	0	0	.	.	Original name was IncM2_1_AF550415
IncN.1_AY046276	0	0	.	.	Original name was IncN_1_AY046276
IncN2.1_JF785549	0	0	.	.	Original name was IncN2_1_JF785549
IncN3.1_EF219134	0	0	.	.	Original name was IncN3_1_EF219134
IncP1.1_BN000925	0	0	.	.	Original name was IncP1_1_BN000925
IncP1.2_U67194	0	0	.	.	Original name was IncP1_2_U67194
IncP1.3_KX377410	0	0	.	.	Original name was IncP1_3_KX377410
IncP6.1_JF785550	0	0	.	.	Original name was IncP6_1_JF785550
IncQ1.1_M28829	0	0	.	.	Original name was IncQ1_1_M28829
IncQ2.1_FJ696404	0	0	.	.	Original name was IncQ2_1_FJ696404
IncR.1_DQ449578	0	0	.	.	Original name was IncR_1_DQ449578
IncT.1_AP004237	0	0	.	.	Original name was IncT_1_AP004237
IncU.1_DQ401103	0	0	.	.	Original name was IncU_1_DQ401103
IncW.1_EF633507	0	0	.	.	Original name was IncW_1_EF633507
IncX1.1_EU370913	0	0	.	.	Original name was IncX1_1_EU370913
IncX1.2_CP003417	0	0	.	.	Original name was IncX1_2_CP003417
IncX1.3_CP001123	0	0	.	.	Original name was IncX1_3_CP001123
IncX1.4_JN935898	0	0	.	.	Original name was IncX1_4_JN935898
IncX2.1_JQ269335	0	0	.	.	Original name was IncX2_1_JQ269335
IncX3.1_JN247852	0	0	.	.	Original name was IncX3_1_JN247852
IncX3_pEC14_.1_JN935899	0	0	.	.	Original name was IncX3(pEC14)_1_JN935899
IncX4.1_CP002895	0	0	.	.	Original name was IncX4_1_CP002895
IncX4.2_FN543504	0	0	.	.	Original name was IncX4_2_FN543504
IncX5.1_JX193302	0	0	.	.	Original name was IncX5_1_JX193302
IncX5.2_MF062700	0	0	.	.	Original name was IncX5_2_MF062700
IncX6.1_KU302800	0	0	.	.	Original name was IncX6_1_KU302800
IncX7.1_NC_015054	0	0	.	.	Original name was IncX7_1_NC_015054
IncX8.1_AM942760	0	0	.	.	Original name was IncX8_1_AM942760
IncX9.1_NC_010257	0	0	.	.	Original name was IncX9_1_NC_010257
IncY.1_K02380	0	0	.	.	Original name was IncY_1_K02380
p0111.1_AP010962	0	0	.	.	Original name was p0111_1_AP010962
pADAP.1_AF135182	0	0	.	.	Original name was pADAP_1_AF135182
pEC4115.1_NC_011351	0	0	.	.	Original name was pEC4115_1_NC_011351
pENTAS02.1_CP003028	0	0	.	.	Original name was pENTAS02_1_CP003028
pESA2.1_CP000784	0	0	.	.	Original name was pESA2_1_CP000784
pIP31758_p153_.1_CP000719	0	0	.	.	Original name was pIP31758(p153)_1_CP000719
pIP31758_p59_.1_CP000718	0	0	.	.	Original name was pIP31758(p59)_1_CP000718
pIP32953.1_BX936400	0	0	.	.	Original name was pIP32953_1_BX936400
pJARS36.1_NC_015068	0	0	.	.	Original name was pJARS36_1_NC_015068
pKP1433.1_JX397875	0	0	.	.	Original name was pKP1433_1_JX397875
pKPC_CAV1193.1_CP013325	0	0	.	.	Original name was pKPC-CAV1193_1_CP013325
pKPC_CAV1320.1_CP011573	0	0	.	.	Original name was pKPC-CAV1320_1_CP011573
pKPC_CAV1321.1_CP011611	0	0	.	.	Original name was pKPC-CAV1321_1_CP011611
pSL483.1_CP001137	0	0	.	.	Original name was pSL483_1_CP001137
pSM22.1_NC_015972	0	0	.	.	Original name was pSM22_1_NC_015972
pXuzhou21.1_CP001927	0	0	.	.	Original name was pXuzhou21_1_CP001927
pYE854.1_AM905950	0	0	.	.	Original name was pYE854_1_AM905950
rep1.1_repE_pAMbeta__AF007787	0	0	.	.	Original name was rep1_1_repE(pAMbeta)_AF007787
rep1.2_repS_pSM19035__AY357120	0	0	.	.	Original name was rep1_2_repS(pSM19035)_AY357120
rep1.3_repR_pGB354__U83488	0	0	.	.	Original name was rep1_3_repR(pGB354)_U83488
rep1.4_repE_pIP816__AM932524	0	0	.	.	Original name was rep1_4_repE(pIP816)_AM932524
rep1.5_CDS6_pRE25__X92945	0	0	.	.	Original name was rep1_5_CDS6(pRE25)_X92945
rep1.6_repE_pTEF1__AE016833	0	0	.	.	Original name was rep1_6_repE(pTEF1)_AE016833
rep1.7_EFD32pA0001_EFD32pA__CP003727	0	0	.	.	Original name was rep1_7_EFD32pA0001(EFD32pA)_CP003727
rep1.8_repE_pWZ909__GQ484954	0	0	.	.	Original name was rep1_8_repE(pWZ909)_GQ484954
rep1.9_repE_pKL0018__AB290882	0	0	.	.	Original name was rep1_9_repE(pKL0018)_AB290882
rep10.2_CDS1_pIM13__M13761	0	0	.	.	Original name was rep10_2_CDS1(pIM13)_M13761
rep10.3_pNE131p1_pNE131__NC001390	0	0	.	.	Original name was rep10_3_pNE131p1(pNE131)_NC001390
rep10.4_repL_pDLK1__GU562624	0	0	.	.	Original name was rep10_4_repL(pDLK1)_GU562624
rep10.5_repL_pWBG738__DQ088624	0	0	.	.	Original name was rep10_5_repL(pWBG738)_DQ088624
rep10.6_rep_SAP093B__GQ900442	0	0	.	.	Original name was rep10_6_rep(SAP093B)_GQ900442
rep10b.1_rep_pUR2355__JQ312422	0	0	.	.	Original name was rep10b_1_rep(pUR2355)_JQ312422
rep10b.2_rep_pSK6__U96610	0	0	.	.	Original name was rep10b_2_rep(pSK6)_U96610
rep10b.3_rep_pSK3__SAU96609	0	0	.	.	Original name was rep10b_3_rep(pSK3)_SAU96609
rep11a.1_repA_pB82__AB178871	0	0	.	.	Original name was rep11a_1_repA(pB82)_AB178871
rep11b.1_repA_pEF1071__AF164559	0	0	.	.	Original name was rep11b_1_repA(pEF1071)_AF164559
rep11b.2_repA_Plasmid__AY063485	0	0	.	.	Original name was rep11b_2_repA(Plasmid)_AY063485
rep11c.1_repA_pAR6__KC167328	0	0	.	.	Original name was rep11c_1_repA(pAR6)_KC167328
rep11c.2_repA_pJS33__EU370687	0	0	.	.	Original name was rep11c_2_repA(pJS33)_EU370687
rep11c.3_rep_pEFR__AF511037	0	0	.	.	Original name was rep11c_3_rep(pEFR)_AF511037
rep12.1_CDS32_pBMB67__DQ363750	0	0	.	.	Original name was rep12_1_CDS32(pBMB67)_DQ363750
rep12.2_CDS1_plasmid__AY278324	0	0	.	.	Original name was rep12_2_CDS1(plasmid)_AY278324
rep13.10_ORF1_pACK5__HQ170521	0	0	.	.	Original name was rep13_10_ORF1(pACK5)_HQ170521
rep13.11_ORF9_pACK2__HQ170520	0	0	.	.	Original name was rep13_11_ORF9(pACK2)_HQ170520
rep13.12_rep49_pSW174__AM040729	0	0	.	.	Original name was rep13_12_rep49(pSW174)_AM040729
rep13.13_repRC_pSK41__AF051917	0	0	.	.	Original name was rep13_13_repRC(pSK41)_AF051917
rep13.14_rep_pPI2__AB125342	0	0	.	.	Original name was rep13_14_rep(pPI2)_AB125342
rep13.1_ORF_pC194__V01277	0	0	.	.	Original name was rep13_1_ORF(pC194)_V01277
rep13.2_CDS39_pSSP1__AP008935	0	0	.	.	Original name was rep13_2_CDS39(pSSP1)_AP008935
rep13.3_rep_pWBG1773__EF537646	0	0	.	.	Original name was rep13_3_rep(pWBG1773)_EF537646
rep13.4_rep_pKH13__EU170347	0	0	.	.	Original name was rep13_4_rep(pKH13)_EU170347
rep13.5_rep_pMC524_MBM__AJ312056	0	0	.	.	Original name was rep13_5_rep(pMC524/MBM)_AJ312056
rep13.6_rep_pLNU1__AM184099	0	0	.	.	Original name was rep13_6_rep(pLNU1)_AM184099
rep13.7_rep_pLNU9__AM399082	0	0	.	.	Original name was rep13_7_rep(pLNU9)_AM399082
rep13.8_rep_pUR3912__HF677199	0	0	.	.	Original name was rep13_8_rep(pUR3912)_HF677199
rep13.9_rep_pSepCH__AY092027	0	0	.	.	Original name was rep13_9_rep(pSepCH)_AY092027
rep14a.1_CDS2_pEFNP1__AB038522	0	0	.	.	Original name was rep14a_1_CDS2(pEFNP1)_AB038522
rep14a.2_ORF1_pKQ10__EFU01917	0	0	.	.	Original name was rep14a_2_ORF1(pKQ10)_EFU01917
rep14a.3_EFAU085p5001_AUS0085p5__CP006625	0	0	.	.	Original name was rep14a_3_EFAU085p5001(AUS0085p5)_CP006625
rep14a.4_rep_AUS0004p3__CP003354	0	0	.	.	Original name was rep14a_4_rep(AUS0004p3)_CP003354
rep14b.1_repA_pJS42__EU370688	0	0	.	.	Original name was rep14b_1_repA(pJS42)_EU370688
rep14b.2_EFAU085p6001_AUS0085p6__CP006626	0	0	.	.	Original name was rep14b_2_EFAU085p6001(AUS0085p6)_CP006626
rep14b.3_rep_pRI1__EU327398	0	0	.	.	Original name was rep14b_3_rep(pRI1)_EU327398
rep14b.4_EMQU3221_pQY003__AP013041	0	0	.	.	Original name was rep14b_4_EMQU3221(pQY003)_AP013041
rep15.1_repA_pLW043__AE017171	0	0	.	.	Original name was rep15_1_repA(pLW043)_AE017171
rep16.1_CDS8_pSAS__BX571858	0	0	.	.	Original name was rep16_1_CDS8(pSAS)_BX571858
rep16.2_CDS6_pSJH101__CP000737	0	0	.	.	Original name was rep16_2_CDS6(pSJH101)_CP000737
rep16.3_rep_pSaa6159__CP002115	0	0	.	.	Original name was rep16_3_rep(pSaa6159)_CP002115
rep16.4_SAP056A024_SAP056A__GQ900478	0	0	.	.	Original name was rep16_4_SAP056A024(SAP056A)_GQ900478
rep16.5_SAP041A019_pWBG759__GQ900401	0	0	.	.	Original name was rep16_5_SAP041A019(pWBG759)_GQ900401
rep16.6_SAP071A015_SAP071A__GQ900485	0	0	.	.	Original name was rep16_6_SAP071A015(SAP071A)_GQ900485
rep16.7_Orf247_pBORa53__AY917098	0	0	.	.	Original name was rep16_7_Orf247(pBORa53)_AY917098
rep17.1_CDS29_pRUM__AF507977	0	0	.	.	Original name was rep17_1_CDS29(pRUM)_AF507977
rep17.2_repA_AUS0004p1__CP003352	0	0	.	.	Original name was rep17_2_repA(AUS0004p1)_CP003352
rep17.3_repA_Aus0085p2__CP006622	0	0	.	.	Original name was rep17_3_repA(Aus0085p2)_CP006622
rep18a.1_repA_p200B__AB158402	0	0	.	.	Original name was rep18a_1_repA(p200B)_AB158402
rep18b.1_BO23315710_pE1p13__CP018068	0	0	.	.	Original name was rep18b_1_BO23315710(pE1p13)_CP018068
rep18b.2_repA_pEF418__AF408195	0	0	.	.	Original name was rep18b_2_repA(pEF418)_AF408195
rep19.10_rep_pWBG746__GQ900390	0	0	.	.	Original name was rep19_10_rep(pWBG746)_GQ900390
rep19.11_rep_pPM1__AB699881	0	0	.	.	Original name was rep19_11_rep(pPM1)_AB699881
rep19.12_rep_pN315__AP003139	0	0	.	.	Original name was rep19_12_rep(pN315)_AP003139
rep19.13_rep_pBORa53__AY917098	0	0	.	.	Original name was rep19_13_rep(pBORa53)_AY917098
rep19.14_rep_pST75__FR821778	0	0	.	.	Original name was rep19_14_rep(pST75)_FR821778
rep19.15_repA_TCH60plasmid__CP002111	0	0	.	.	Original name was rep19_15_repA(TCH60plasmid)_CP002111
rep19.16_rep_pSK156__GQ900448	0	0	.	.	Original name was rep19_16_rep(pSK156)_GQ900448
rep19.1_rep_p18811P03__CP002143	0	0	.	.	Original name was rep19_1_rep(p18811P03)_CP002143
rep19.2_rep_pSA1379__NC007931	0	0	.	.	Original name was rep19_2_rep(pSA1379)_NC007931
rep19.3_CDS20_pSJH901__CP000704	0	0	.	.	Original name was rep19_3_CDS20(pSJH901)_CP000704
rep19.4_rep_p18808P03__CP002137	0	0	.	.	Original name was rep19_4_rep(p18808P03)_CP002137
rep19.5_rep_pWBG747__GQ900399	0	0	.	.	Original name was rep19_5_rep(pWBG747)_GQ900399
rep19.6_ORF34_EDINA__AP003089	0	0	.	.	Original name was rep19_6_ORF34(EDINA)_AP003089
rep19.7_repA_SAP019A__GQ900385	0	0	.	.	Original name was rep19_7_repA(SAP019A)_GQ900385
rep19.8_repA_pWBG759__GQ900401	0	0	.	.	Original name was rep19_8_repA(pWBG759)_GQ900401
rep19.9_repA_AP071A__GQ900485	0	0	.	.	Original name was rep19_9_repA(AP071A)_GQ900485
rep19a.1_repA_pUB101__NC005127	0	0	.	.	Original name was rep19a_1_repA(pUB101)_NC005127
rep19b.1_repA_SAP105A__GQ900452	0	0	.	.	Original name was rep19b_1_repA(SAP105A)_GQ900452
rep19c.1_CDS45_pLEW6932__NC009130	0	0	.	.	Original name was rep19c_1_CDS45(pLEW6932)_NC009130
rep19c.2_rep_pvSw4__CP003673	0	0	.	.	Original name was rep19c_2_rep(pvSw4)_CP003673
rep19c.3_rep_pETB__AP012467	0	0	.	.	Original name was rep19c_3_rep(pETB)_AP012467
rep19c.4_rep_pSSP2__AP008936	0	0	.	.	Original name was rep19c_4_rep(pSSP2)_AP008936
rep19c.5_rep_SAP108A__GQ900458	0	0	.	.	Original name was rep19c_5_rep(SAP108A)_GQ900458
rep2.1_orf1_pRE25__X92945	0	0	.	.	Original name was rep2_1_orf1(pRE25)_X92945
rep2.2_repR_pEF1__DQ198088	0	0	.	.	Original name was rep2_2_repR(pEF1)_DQ198088
rep2.3_repR_pQY082__AP013038	0	0	.	.	Original name was rep2_3_repR(pQY082)_AP013038
rep20.10_repA_SAP057A__NC013334	0	0	.	.	Original name was rep20_10_repA(SAP057A)_NC013334
rep20.11_repA_VRSAp__AP003367	0	0	.	.	Original name was rep20_11_repA(VRSAp)_AP003367
rep20.12_repA_SAP105B__GQ900453	0	0	.	.	Original name was rep20_12_repA(SAP105B)_GQ900453
rep20.13_repA_p11819p97__CP003193	0	0	.	.	Original name was rep20_13_repA(p11819p97)_CP003193
rep20.14_repA_pSSAP2__HE616681	0	0	.	.	Original name was rep20_14_repA(pSSAP2)_HE616681
rep20.15_repA_pSK67M1__HF937104	0	0	.	.	Original name was rep20_15_repA(pSK67M1)_HF937104
rep20.1_ORF1_EDINA__AP003089	0	0	.	.	Original name was rep20_1_ORF1(EDINA)_AP003089
rep20.2_repA_pWBG753__GQ900395	0	0	.	.	Original name was rep20_2_repA(pWBG753)_GQ900395
rep20.3_rep_pTW20__FN433597	0	0	.	.	Original name was rep20_3_rep(pTW20)_FN433597
rep20.4_repA_SAP102A__GQ900496	0	0	.	.	Original name was rep20_4_repA(SAP102A)_GQ900496
rep20.5_repA_pSK23__GQ900491	0	0	.	.	Original name was rep20_5_repA(pSK23)_GQ900491
rep20.6_repA_SAP059A__GQ900480	0	0	.	.	Original name was rep20_6_repA(SAP059A)_GQ900480
rep20.7_repA_SAP074A__GQ900426	0	0	.	.	Original name was rep20_7_repA(SAP074A)_GQ900426
rep20.8_repA_SAP063A__GQ900418	0	0	.	.	Original name was rep20_8_repA(SAP063A)_GQ900418
rep20.9_repA_SAP055A__GQ900414	0	0	.	.	Original name was rep20_9_repA(SAP055A)_GQ900414
rep21.11_rep_pSA1308__AB254848	0	0	.	.	Original name was rep21_11_rep(pSA1308)_AB254848
rep21.12_rep_pKH3__AF151117	0	0	.	.	Original name was rep21_12_rep(pKH3)_AF151117
rep21.13_p020_pLGA251__FR821780	0	0	.	.	Original name was rep21_13_p020(pLGA251)_FR821780
rep21.14_rep_pKH21__EU350088	0	0	.	.	Original name was rep21_14_rep(pKH21)_EU350088
rep21.15_SAP108D001_SAP108D__GQ900461	0	0	.	.	Original name was rep21_15_SAP108D001(SAP108D)_GQ900461
rep21.16_rep_pLNU2__AM184100	0	0	.	.	Original name was rep21_16_rep(pLNU2)_AM184100
rep21.17_rep_pLNU8__AM399080	0	0	.	.	Original name was rep21_17_rep(pLNU8)_AM399080
rep21.18_rep_pLNU3__AM184101	0	0	.	.	Original name was rep21_18_rep(pLNU3)_AM184101
rep21.19_rep_pLNU7__AM399081	0	0	.	.	Original name was rep21_19_rep(pLNU7)_AM399081
rep21.1_rep_pWBG754__GQ900396	0	0	.	.	Original name was rep21_1_rep(pWBG754)_GQ900396
rep21.20_p020_pLGA251__FR821780	0	0	.	.	Original name was rep21_20_p020(pLGA251)_FR821780
rep21.22_CDS1_pUSA01__NC007790	0	0	.	.	Original name was rep21_22_CDS1(pUSA01)_NC007790
rep21.23_CDS1_p18811P01__CP002144	0	0	.	.	Original name was rep21_23_CDS1(p18811P01)_CP002144
rep21.24_rep_CN1_plasmid2__NC_022227	0	0	.	.	Original name was rep21_24_rep(CN1_plasmid2)_NC_022227
rep21.25_rep_pSHaeA__AP006717	0	0	.	.	Original name was rep21_25_rep(pSHaeA)_AP006717
rep21.26_rep_pLUH01__FR714928	0	0	.	.	Original name was rep21_26_rep(pLUH01)_FR714928
rep21.26_rep_pSK108__GQ900464	0	0	.	.	Original name was rep21_26_rep(pSK108)_GQ900464
rep21.27_rep_pLNU4__AM184102	0	0	.	.	Original name was rep21_27_rep(pLNU4)_AM184102
rep21.28_rep_pUR5425__JQ861958	0	0	.	.	Original name was rep21_28_rep(pUR5425)_JQ861958
rep21.2_rep_pNVH01__AJ512814	0	0	.	.	Original name was rep21_2_rep(pNVH01)_AJ512814
rep21.3_rep_pS0385__AM990995	0	0	.	.	Original name was rep21_3_rep(pS0385)_AM990995
rep21.4_repRC_pSK41__AF051917	0	0	.	.	Original name was rep21_4_repRC(pSK41)_AF051917
rep21.5_repRC_pGO1__FM207042	0	0	.	.	Original name was rep21_5_repRC(pGO1)_FM207042
rep21.6_rep_pBMSa1__AY541446	0	0	.	.	Original name was rep21_6_rep(pBMSa1)_AY541446
rep21.7_rep_pWBG760__GQ900473	0	0	.	.	Original name was rep21_7_rep(pWBG760)_GQ900473
rep21.8_rep_SAP071A__GQ900485	0	0	.	.	Original name was rep21_8_rep(SAP071A)_GQ900485
rep21.9_rep_pKH12__EU168704	0	0	.	.	Original name was rep21_9_rep(pKH12)_EU168704
rep22.1a_repB_pUB110__X03408	0	0	.	.	Original name was rep22_1a_repB(pUB110)_X03408
rep22.1b_repB_pAMalpha1__AF503772	0	0	.	.	Original name was rep22_1b_repB(pAMalpha1)_AF503772
rep22.2_repU_pKKS825__FN377602	0	0	.	.	Original name was rep22_2_repU(pKKS825)_FN377602
rep23.1_rep_pPR9__GU237136	0	0	.	.	Original name was rep23_1_rep(pPR9)_GU237136
rep23.2_rep_pV030__EU366902	0	0	.	.	Original name was rep23_2_rep(pV030)_EU366902
rep24a.1_rep_pWBG745__GQ900389	0	0	.	.	Original name was rep24a_1_rep(pWBG745)_GQ900389
rep24b.1_rep_pWBG749__GQ900391	0	0	.	.	Original name was rep24b_1_rep(pWBG749)_GQ900391
rep24c.1_rep_pSSAP1__FR687301	0	0	.	.	Original name was rep24c_1_rep(pSSAP1)_FR687301
rep25.1_pLM330006_pLM33__GU244485	0	0	.	.	Original name was rep25_1_pLM330006(pLM33)_GU244485
rep25.2_M640p00130_J1776plasmid__CP006612	0	0	.	.	Original name was rep25_2_M640p00130(J1776plasmid)_CP006612
rep26.1_pli0070_pLI100__AL592102	0	0	.	.	Original name was rep26_1_pli0070(pLI100)_AL592102
rep26.2_repA_pLGUG1__FR667693	0	0	.	.	Original name was rep26_2_repA(pLGUG1)_FR667693
rep26.3_M643p00680_N1011Aplasmid__CP006611	0	0	.	.	Original name was rep26_3_M643p00680(N1011Aplasmid)_CP006611
rep26.4_repA_pLM5578__CP001603	0	0	.	.	Original name was rep26_4_repA(pLM5578)_CP001603
rep27.1_rep_pSGG1__FR824044	0	0	.	.	Original name was rep27_1_rep(pSGG1)_FR824044
rep27.2_repA_pSGG1__FR824044	0	0	.	.	Original name was rep27_2_repA(pSGG1)_FR824044
rep28.1_repA_pCIS4__CP003162	0	0	.	.	Original name was rep28_1_repA(pCIS4)_CP003162
rep28.2_LBPp6g007_LBPp6__CP005948	0	0	.	.	Original name was rep28_2_LBPp6g007(LBPp6)_CP005948
rep29.1_CDS1_pGL__HQ696461	0	0	.	.	Original name was rep29_1_CDS1(pGL)_HQ696461
rep29.2_EFAU085p4001_Aus0085p4__Aus0085	0	0	.	.	Original name was rep29_2_EFAU085p4001(Aus0085p4)_Aus0085
rep29.3_ORF8_pCIZ2__DQ832184	0	0	.	.	Original name was rep29_3_ORF8(pCIZ2)_DQ832184
rep3.1_rep63A_pAW63__BTH011655	0	0	.	.	Original name was rep3_1_rep63A(pAW63)_BTH011655
rep3.2_rep165_pBMB165__DQ242517	0	0	.	.	Original name was rep3_2_rep165(pBMB165)_DQ242517
rep3.3_rep_pBT9727__CP000047	0	0	.	.	Original name was rep3_3_rep(pBT9727)_CP000047
rep3.4_CDS38_pOX2__NC002146	0	0	.	.	Original name was rep3_4_CDS38(pOX2)_NC002146
rep30.1_CDS22269_pLR581__CP002845	0	0	.	.	Original name was rep30_1_CDS22269(pLR581)_CP002845
rep30.2_LRI1957_pLRI03__CP006013	0	0	.	.	Original name was rep30_2_LRI1957(pLRI03)_CP006013
rep31.1_LCKp400005_pLCK4__DQ489739	0	0	.	.	Original name was rep31_1_LCKp400005(pLCK4)_DQ489739
rep31.2_LKI10596_LkipL4719__CP001755	0	0	.	.	Original name was rep31_2_LKI10596(LkipL4719)_CP001755
rep32.1_pli0023_pLI100__AL592102	0	0	.	.	Original name was rep32_1_pli0023(pLI100)_AL592102
rep32.2_repB_pVF22__JN172912	0	0	.	.	Original name was rep32_2_repB(pVF22)_JN172912
rep33.1_rep_pSMA198__HE613570	0	0	.	.	Original name was rep33_1_rep(pSMA198)_HE613570
rep33.2_rep_pK214__X92946	0	0	.	.	Original name was rep33_2_rep(pK214)_X92946
rep34.1_repB_pSdyT132__DQ173493	0	0	.	.	Original name was rep34_1_repB(pSdyT132)_DQ173493
rep34.2_repB_pDN281__AY995189	0	0	.	.	Original name was rep34_2_repB(pDN281)_AY995189
rep34.3_repB_pW2580__AY907345	0	0	.	.	Original name was rep34_3_repB(pW2580)_AY907345
rep34.4_repB_pA852__KC895878	0	0	.	.	Original name was rep34_4_repB(pA852)_KC895878
rep34.5_repB_pLS1__M29725	0	0	.	.	Original name was rep34_5_repB(pLS1)_M29725
rep34.6_repB_pMV158__X15669	0	0	.	.	Original name was rep34_6_repB(pMV158)_X15669
rep35.1_repB_pER13__AY033392	0	0	.	.	Original name was rep35_1_repB(pER13)_AY033392
rep35.2_ORF2_pSMQ172__AF295100	0	0	.	.	Original name was rep35_2_ORF2(pSMQ172)_AF295100
rep36.1_repA_pPCS8235__NZCM001836	0	0	.	.	Original name was rep36_1_repA(pPCS8235)_NZCM001836
rep36.2_rep_pDP1__AF047696	0	0	.	.	Original name was rep36_2_rep(pDP1)_AF047696
rep36.3_rep_pSMB1__AF047385	0	0	.	.	Original name was rep36_3_rep(pSMB1)_AF047385
rep37.1_repA_pK1002C2__HM050421	0	0	.	.	Original name was rep37_1_repA(pK1002C2)_HM050421
rep37.2_repA_pt38__AJ566638	0	0	.	.	Original name was rep37_2_repA(pt38)_AJ566638
rep37.3_rep_pND103__AY250830	0	0	.	.	Original name was rep37_3_rep(pND103)_AY250830
rep37.4_repA_pER36__AF177168	0	0	.	.	Original name was rep37_4_repA(pER36)_AF177168
rep37.5_repA_pER35__AF177167	0	0	.	.	Original name was rep37_5_repA(pER35)_AF177167
rep38.1_rep_pLBUC03__CP002655	0	0	.	.	Original name was rep38_1_rep(pLBUC03)_CP002655
rep38.2_repA_LBPp1__CP005943	0	0	.	.	Original name was rep38_2_repA(LBPp1)_CP005943
rep39.1_repA_SAP110A__GQ900465	0	0	.	.	Original name was rep39_1_repA(SAP110A)_GQ900465
rep39.2_repA_SAP016A__GQ900381	0	0	.	.	Original name was rep39_2_repA(SAP016A)_GQ900381
rep39.3_repA_SAP045A__GQ900402	0	0	.	.	Original name was rep39_3_repA(SAP045A)_GQ900402
rep40.1_repA_SAP106A__GQ900454	0	0	.	.	Original name was rep40_1_repA(SAP106A)_GQ900454
rep40.2_rep_pPI1__AB125341	0	0	.	.	Original name was rep40_2_rep(pPI1)_AB125341
rep4a.1_repB_pCRL2911__NC002799	0	0	.	.	Original name was rep4a_1_repB(pCRL2911)_NC002799
rep4a.2_CDS3_pKC5b__AF378372	0	0	.	.	Original name was rep4a_2_CDS3(pKC5b)_AF378372
rep4b.1_repB_pMBB1__EFU26268	0	0	.	.	Original name was rep4b_1_repB(pMBB1)_EFU26268
rep5a.1_repSAP001_pN315__AP003139	0	0	.	.	Original name was rep5a_1_repSAP001(pN315)_AP003139
rep5a.2_unknown_p21__AF128883	0	0	.	.	Original name was rep5a_2_unknown(p21)_AF128883
rep5a.3_rep_pWBG752__GQ900394	0	0	.	.	Original name was rep5a_3_rep(pWBG752)_GQ900394
rep5a.4_rep_SAP047A__GQ900405	0	0	.	.	Original name was rep5a_4_rep(SAP047A)_GQ900405
rep5a.8_SUM0001_p18809P04__CP002146	0	0	.	.	Original name was rep5a_8_SUM0001(p18809P04)_CP002146
rep5b.1_rep_pUR2355__JQ312422	0	0	.	.	Original name was rep5b_1_rep(pUR2355)_JQ312422
rep5b.2_rep_pRJ6__AF241888	0	0	.	.	Original name was rep5b_2_rep(pRJ6)_AF241888
rep5b.3_SEp608_pSE12228p06__AE015935	0	0	.	.	Original name was rep5b_3_SEp608(pSE12228p06)_AE015935
rep5b.4_SAP106B007_SAP106B__GQ900455	0	0	.	.	Original name was rep5b_4_SAP106B007(SAP106B)_GQ900455
rep5b.5_SAP108B006_SAP108B__GQ900459	0	0	.	.	Original name was rep5b_5_SAP108B006(SAP108B)_GQ900459
rep5c.1_rep_pRJ9__AF447813	0	0	.	.	Original name was rep5c_1_rep(pRJ9)_AF447813
rep5d.1_rep_pJE1__AF051916	0	0	.	.	Original name was rep5d_1_rep(pJE1)_AF051916
rep5e.1_rep_pSHaeC__AP006719	0	0	.	.	Original name was rep5e_1_rep(pSHaeC)_AP006719
rep5e.2_SAP018B003_SAP018B__GQ900384	0	0	.	.	Original name was rep5e_2_SAP018B003(SAP018B)_GQ900384
rep6.1_repA_pS86__AJ223161	0	0	.	.	Original name was rep6_1_repA(pS86)_AJ223161
rep7a.10_ORF_pKH1__SAU38656	0	0	.	.	Original name was rep7a_10_ORF(pKH1)_SAU38656
rep7a.11_rep_SAP060B__GQ900417	0	0	.	.	Original name was rep7a_11_rep(SAP060B)_GQ900417
rep7a.12_repC_pKH17__NC010284	0	0	.	.	Original name was rep7a_12_repC(pKH17)_NC010284
rep7a.13_CDS1_plasmidJ3358__U36910	0	0	.	.	Original name was rep7a_13_CDS1(plasmidJ3358)_U36910
rep7a.14_CDS3_pUSA02__NC007791	0	0	.	.	Original name was rep7a_14_CDS3(pUSA02)_NC007791
rep7a.15_repC_pS0385p1__AM990993	0	0	.	.	Original name was rep7a_15_repC(pS0385p1)_AM990993
rep7a.16_repC_Cassette__AB037671	0	0	.	.	Original name was rep7a_16_repC(Cassette)_AB037671
rep7a.17_CDS4_pS194__NC005564	0	0	.	.	Original name was rep7a_17_CDS4(pS194)_NC005564
rep7a.18_rep_pS0385p2__AM990994	0	0	.	.	Original name was rep7a_18_rep(pS0385p2)_AM990994
rep7a.19_rep_pACK4__EU930825	0	0	.	.	Original name was rep7a_19_rep(pACK4)_EU930825
rep7a.1_CDS11947_pSZ4__CP003669	0	0	.	.	Original name was rep7a_1_CDS11947(pSZ4)_CP003669
rep7a.20_SEp203_pSE12228p02__AE015931	0	0	.	.	Original name was rep7a_20_SEp203(pSE12228p02)_AE015931
rep7a.21_CDS1_pCW7__J03323	0	0	.	.	Original name was rep7a_21_CDS1(pCW7)_J03323
rep7a.22_rep_pSBK203__U35036	0	0	.	.	Original name was rep7a_22_rep(pSBK203)_U35036
rep7a.2_repL_pLUG10__SLU74623	0	0	.	.	Original name was rep7a_2_repL(pLUG10)_SLU74623
rep7a.3_rep_pSTE1__HE662694	0	0	.	.	Original name was rep7a_3_rep(pSTE1)_HE662694
rep7a.4_repD_pK214__NC009751	0	0	.	.	Original name was rep7a_4_repD(pK214)_NC009751
rep7a.5_repD_pTZ4__NC010111	0	0	.	.	Original name was rep7a_5_repD(pTZ4)_NC010111
rep7a.6_SAP108C001_SAP108C__GQ900460	0	0	.	.	Original name was rep7a_6_SAP108C001(SAP108C)_GQ900460
rep7a.7_rep_pKH7__NC002096	0	0	.	.	Original name was rep7a_7_rep(pKH7)_NC002096
rep7a.8_ORF11_pRE25__X92945	0	0	.	.	Original name was rep7a_8_ORF11(pRE25)_X92945
rep7a.9_repI_pGB354__SAU83488	0	0	.	.	Original name was rep7a_9_repI(pGB354)_SAU83488
rep7b.1_repJ_pC223__NC_005243	0	0	.	.	Original name was rep7b_1_repJ(pC223)_NC_005243
rep7b.2_rep_pVGA__NC011605	0	0	.	.	Original name was rep7b_2_rep(pVGA)_NC011605
rep7b.3_SAP089A003_SAP089A__GQ900440	0	0	.	.	Original name was rep7b_3_SAP089A003(SAP089A)_GQ900440
rep7b.4_SAP109B006_pSK103__GQ900463	0	0	.	.	Original name was rep7b_4_SAP109B006(pSK103)_GQ900463
rep7b.5_ORF23_pRUM__AF507977	0	0	.	.	Original name was rep7b_5_ORF23(pRUM)_AF507977
rep7c.1_rep_MSSA476__BX571857	0	0	.	.	Original name was rep7c_1_rep(MSSA476)_BX571857
rep7de.1_rep_pACK6__AF093750	0	0	.	.	Original name was rep7de_1_rep(pACK6)_AF093750
rep8a.1_EP002_pAM373__NC002630	0	0	.	.	Original name was rep8a_1_EP002(pAM373)_NC002630
rep8b.1_repA_pEJ97p1__AJ49170	0	0	.	.	Original name was rep8b_1_repA(pEJ97p1)_AJ49170
rep9a.1_repA_pAD1__L01794	0	0	.	.	Original name was rep9a_1_repA(pAD1)_L01794
rep9b.1_prgW_pBEE99__GU046453	0	0	.	.	Original name was rep9b_1_prgW(pBEE99)_GU046453
rep9b.2_prgW_EF62pC__CP002494	0	0	.	.	Original name was rep9b_2_prgW(EF62pC)_CP002494
rep9b.3_repA_pMG2200__AB374546	0	0	.	.	Original name was rep9b_3_repA(pMG2200)_AB374546
rep9b.4_repA2_pTEF2__AE016831	0	0	.	.	Original name was rep9b_4_repA2(pTEF2)_AE016831
rep9c.1_repA_pTW9__AB563188	0	0	.	.	Original name was rep9c_1_repA(pTW9)_AB563188
rep9c.2_prgW_pCF10__AY855841	0	0	.	.	Original name was rep9c_2_prgW(pCF10)_AY855841
rep9c.3_repA_pPD1__D78016	0	0	.	.	Original name was rep9c_3_repA(pPD1)_D78016
rep9c.4_prgW_EF62pB__CP002493	0	0	.	.	Original name was rep9c_4_prgW(EF62pB)_CP002493
repA.p447_1_KY978631	0	0	.	.	Original name was repA_p447_1_KY978631
repA.pENTd4a_1_CP008900	0	0	.	.	Original name was repA_pENTd4a_1_CP008900
repA.pKOX_1_CP026273	0	0	.	.	Original name was repA_pKOX_1_CP026273
repUS1.1_repE_DOp2__CP003585	0	0	.	.	Original name was repUS1_1_repE(DOp2)_CP003585
repUS1.2_rep_pVEF3__AM931300	0	0	.	.	Original name was repUS1_2_rep(pVEF3)_AM931300
repUS1.3_rep_pVEF1__AM296544	0	0	.	.	Original name was repUS1_3_rep(pVEF1)_AM296544
repUS10.1_CDS25_pSSP1__AP008935	0	0	.	.	Original name was repUS10_1_CDS25(pSSP1)_AP008935
repUS12.1_rep_pUB110__AF181950	0	0	.	.	Original name was repUS12_1_rep(pUB110)_AF181950
repUS12.2_repB_SAP014A__GQ900379	0	0	.	.	Original name was repUS12_2_repB(SAP014A)_GQ900379
repUS12.3_rep_pMSA16__JQ246438	0	0	.	.	Original name was repUS12_3_rep(pMSA16)_JQ246438
repUS12.4_repU_pSES22__AM159501	0	0	.	.	Original name was repUS12_4_repU(pSES22)_AM159501
repUS15.1_repA_DO3__CP003586	0	0	.	.	Original name was repUS15_1_repA(DO3)_CP003586
repUS15.2_repA_pNB2354p1__CP004064	0	0	.	.	Original name was repUS15_2_repA(pNB2354p1)_CP004064
repUS16.1_repF_pE194__M17811	0	0	.	.	Original name was repUS16_1_repF(pE194)_M17811
repUS16.2_repB_SAP085B__GQ900438	0	0	.	.	Original name was repUS16_2_repB(SAP085B)_GQ900438
repUS17.1_rep_pKKS825__FN377602	0	0	.	.	Original name was repUS17_1_rep(pKKS825)_FN377602
repUS18.1_rep_pKKS825__FN377602	0	0	.	.	Original name was repUS18_1_rep(pKKS825)_FN377602
repUS18.2_rep_pSTE1__HE662694	0	0	.	.	Original name was repUS18_2_rep(pSTE1)_HE662694
repUS18.3_ORF2_pDB2011__KC456362	0	0	.	.	Original name was repUS18_3_ORF2(pDB2011)_KC456362
repUS18.4_rep_pSA8589__KC561137	0	0	.	.	Original name was repUS18_4_rep(pSA8589)_KC561137
repUS19.1_rep_pDLK3__GU562626	0	0	.	.	Original name was repUS19_1_rep(pDLK3)_GU562626
repUS2.1_repA_pBI143__BFU30316	0	0	.	.	Original name was repUS2_1_repA(pBI143)_BFU30316
repUS20.1_rep_pAVX__CP001784	0	0	.	.	Original name was repUS20_1_rep(pAVX)_CP001784
repUS20.2_rep_pCH91__JQ619831	0	0	.	.	Original name was repUS20_2_rep(pCH91)_JQ619831
repUS21.1_rep_pWBG764__GQ900468	0	0	.	.	Original name was repUS21_1_rep(pWBG764)_GQ900468
repUS22.1_rep_SAP015B__GQ900502	0	0	.	.	Original name was repUS22_1_rep(SAP015B)_GQ900502
repUS23.1_repA_SAP099B__GQ900449	0	0	.	.	Original name was repUS23_1_repA(SAP099B)_GQ900449
repUS24.1_rep_pZB18__AB611033	0	0	.	.	Original name was repUS24_1_rep(pZB18)_AB611033
repUS25.1_LMIVRS16815_pLMIV__NZ_CM001470	0	0	.	.	Original name was repUS25_1_LMIVRS16815(pLMIV)_NZ_CM001470
repUS26.1_EFD32pB0001_EFD32pB__CP003728	0	0	.	.	Original name was repUS26_1_EFD32pB0001(EFD32pB)_CP003728
repUS27.1_repR_pBM407__FM252033	0	0	.	.	Original name was repUS27_1_repR(pBM407)_FM252033
repUS28.1_repE_pQY182__AP013037	0	0	.	.	Original name was repUS28_1_repE(pQY182)_AP013037
repUS3.1_repM200_pBM200__DQ437521	0	0	.	.	Original name was repUS3_1_repM200(pBM200)_DQ437521
repUS31.1_ORF6_pSMQ308__AY312234	0	0	.	.	Original name was repUS31_1_ORF6(pSMQ308)_AY312234
repUS32.1_LAB5209948_plasmid2__CP002611	0	0	.	.	Original name was repUS32_1_LAB5209948(plasmid2)_CP002611
repUS33.1_repA_pGdh442__AY849557	0	0	.	.	Original name was repUS33_1_repA(pGdh442)_AY849557
repUS34.1_rep_pSI01__JX275965	0	0	.	.	Original name was repUS34_1_rep(pSI01)_JX275965
repUS35.1_A28412072_pvSw2__CP003671	0	0	.	.	Original name was repUS35_1_A28412072(pvSw2)_CP003671
repUS35.1_CDS1_pKC5b__AF378372	0	0	.	.	Original name was repUS35_1_CDS1(pKC5b)_AF378372
repUS36.1_ORF1_pLME300__AJ488494	0	0	.	.	Original name was repUS36_1_ORF1(pLME300)_AJ488494
repUS37.1_SPPN11498_pDRPIS7493__CP002926	0	0	.	.	Original name was repUS37_1_SPPN11498(pDRPIS7493)_CP002926
repUS38.1_rep_pFW213__EU685104	0	0	.	.	Original name was repUS38_1_rep(pFW213)_EU685104
repUS39.1_ORF14_pSCFS1__AJ579365	0	0	.	.	Original name was repUS39_1_ORF14(pSCFS1)_AJ579365
repUS4.1_repA_pCI2000__AF178424	0	0	.	.	Original name was repUS4_1_repA(pCI2000)_AF178424
repUS40.1_repB_pE394__KP399637	0	0	.	.	Original name was repUS40_1_repB(pE394)_KP399637
repUS41.1_repB_PML21__JX023543	0	0	.	.	Original name was repUS41_1_repB(PML21)_JX023543
repUS42.1_repB_pVF18__JN172910	0	0	.	.	Original name was repUS42_1_repB(pVF18)_JN172910
repUS43.1_CDS12738_DOp1__CP003584	0	0	.	.	Original name was repUS43_1_CDS12738(DOp1)_CP003584
repUS44.1_ORF7_SP187__AM040731	0	0	.	.	Original name was repUS44_1_ORF7(SP187)_AM040731
repUS45.1_rep_pKKS966__FN677368	0	0	.	.	Original name was repUS45_1_rep(pKKS966)_FN677368
repUS46.1_SAP099B017_SAP099B__GQ900449	0	0	.	.	Original name was repUS46_1_SAP099B017(SAP099B)_GQ900449
repUS47.1_repB_pLFE1__FJ374272	0	0	.	.	Original name was repUS47_1_repB(pLFE1)_FJ374272
repUS48.1_SAP110B007_SAP110B__GQ900466	0	0	.	.	Original name was repUS48_1_SAP110B007(SAP110B)_GQ900466
repUS49.1_rep_pGB2001__JF308630	0	0	.	.	Original name was repUS49_1_rep(pGB2001)_JF308630
repUS5.1_CDS20_pETB__NC003265	0	0	.	.	Original name was repUS5_1_CDS20(pETB)_NC003265
repUS5.2_BJL6515670_pAVX__CP017805	0	0	.	.	Original name was repUS5_2_BJL6515670(pAVX)_CP017805
repUS50.1_CDS_p121BS__AF310974	0	0	.	.	Original name was repUS50_1_CDS(p121BS)_AF310974
repUS51.1_rep_pCPS49__FN806792	0	0	.	.	Original name was repUS51_1_rep(pCPS49)_FN806792
repUS52.1_repB_pKL0018__AB290882	0	0	.	.	Original name was repUS52_1_repB(pKL0018)_AB290882
repUS53.1_repB_pJB01__AY425961	0	0	.	.	Original name was repUS53_1_repB(pJB01)_AY425961
repUS54.1_rep2_pYSI8__EU185047	0	0	.	.	Original name was repUS54_1_rep2(pYSI8)_EU185047
repUS55.1_repB_pSSU1__AB019522	0	0	.	.	Original name was repUS55_1_repB(pSSU1)_AB019522
repUS56.1_EFA0012_pTEF1__AE016833	0	0	.	.	Original name was repUS56_1_EFA0012(pTEF1)_AE016833
repUS57.1_rep_AUS0004p2__CP003353	0	0	.	.	Original name was repUS57_1_rep(AUS0004p2)_CP003353
repUS58.1_rep371_pER371__AF022180	0	0	.	.	Original name was repUS58_1_rep371(pER371)_AF022180
repUS59.1_rep_pSGG1__FR824044	0	0	.	.	Original name was repUS59_1_rep(pSGG1)_FR824044
repUS6.1_rep_pFL1__NC002132	0	0	.	.	Original name was repUS6_1_rep(pFL1)_NC002132
repUS60.1_ORF2_pSpnP1__AM279674	0	0	.	.	Original name was repUS60_1_ORF2(pSpnP1)_AM279674
repUS61.1_repA_pA996__KC895877	0	0	.	.	Original name was repUS61_1_repA(pA996)_KC895877
repUS62.1_repA_pDN571__AY648561	0	0	.	.	Original name was repUS62_1_repA(pDN571)_AY648561
repUS63.1_rep_pTE44__AY082384	0	0	.	.	Original name was repUS63_1_rep(pTE44)_AY082384
repUS64.1_repA_pR18__JN601038	0	0	.	.	Original name was repUS64_1_repA(pR18)_JN601038
repUS65.1_pli0015_pLI100__AL592102	0	0	.	.	Original name was repUS65_1_pli0015(pLI100)_AL592102
repUS66.1_ORF6_pDB2011__KC456362	0	0	.	.	Original name was repUS66_1_ORF6(pDB2011)_KC456362
repUS67.1_LRI1898_pLRI01__CP006012	0	0	.	.	Original name was repUS67_1_LRI1898(pLRI01)_CP006012
repUS68.1_rep_SAP020A__GQ900386	0	0	.	.	Original name was repUS68_1_rep(SAP020A)_GQ900386
repUS69.1_LAC30SC10845_pRKC30SC1__CP002560	0	0	.	.	Original name was repUS69_1_LAC30SC10845(pRKC30SC1)_CP002560
repUS7.1_rep_pHTbeta__AB183714	0	0	.	.	Original name was repUS7_1_rep(pHTbeta)_AB183714
repUS7.2_rep_pMG1__AB206333	0	0	.	.	Original name was repUS7_2_rep(pMG1)_AB206333
repUS70.1_repA_SAP047A__GQ900405	0	0	.	.	Original name was repUS70_1_repA(SAP047A)_GQ900405
repUS71.1_repA_pQY182__AP013037	0	0	.	.	Original name was repUS71_1_repA(pQY182)_AP013037
repUS72.1_C27008541_pKLC4__CP003855	0	0	.	.	Original name was repUS72_1_C27008541(pKLC4)_CP003855
repUS73.1_rep_pLBUC02__CP002654	0	0	.	.	Original name was repUS73_1_rep(pLBUC02)_CP002654
repUS74.1_LSEIA15_ATCC334p1__CP000424	0	0	.	.	Original name was repUS74_1_LSEIA15(ATCC334p1)_CP000424
repUS75.1_repA_8700p2__CP002393	0	0	.	.	Original name was repUS75_1_repA(8700p2)_CP002393
repUS76.1_rep_pSE12228p05__AE015934	0	0	.	.	Original name was repUS76_1_rep(pSE12228p05)_AE015934
repUS8.1_ORF1_pOg32__LOPPOG32	0	0	.	.	Original name was repUS8_1_ORF1(pOg32)_LOPPOG32
repUS9.1_rep_pSK1__AF203376	0	0	.	.	Original name was repUS9_1_rep(pSK1)_AF203376
