hlgA:1:BA000018.3	0	0	.	.	Original name was hlgA:1:BA000018.3
hlgA:2:CP001781.1	0	0	.	.	Original name was hlgA:2:CP001781.1
hlgA:3:AP014942.1	0	0	.	.	Original name was hlgA:3:AP014942.1
hlgA:4:CP010402.1	0	0	.	.	Original name was hlgA:4:CP010402.1
hlgA:5:AP014653.1	0	0	.	.	Original name was hlgA:5:AP014653.1
hlgA:6:CP010944.1	0	0	.	.	Original name was hlgA:6:CP010944.1
hlgA:7:CP006630.1	0	0	.	.	Original name was hlgA:7:CP006630.1
hlgA:8:CP011528.1	0	0	.	.	Original name was hlgA:8:CP011528.1
hlgA:9:FR821779.1	0	0	.	.	Original name was hlgA:9:FR821779.1
hlgA:10:AJ938182.1	0	0	.	.	Original name was hlgA:10:AJ938182.1
hlgA:11:CP009554.1	0	0	.	.	Original name was hlgA:11:CP009554.1
hlgA:12:CP010952.1	0	0	.	.	Original name was hlgA:12:CP010952.1
hlgA:13:CP006044.1	0	0	.	.	Original name was hlgA:13:CP006044.1
hlgA:14:CP001996.1	0	0	.	.	Original name was hlgA:14:CP001996.1
hlgA:15:BX571856.1	0	0	.	.	Original name was hlgA:15:BX571856.1
hlgA:16:CP010940.1	0	0	.	.	Original name was hlgA:16:CP010940.1
hlgA:17:CP003808.1	0	0	.	.	Original name was hlgA:17:CP003808.1
hlgA:18:CP002114.2	0	0	.	.	Original name was hlgA:18:CP002114.2
hlgA:19:CP010941.1	0	0	.	.	Original name was hlgA:19:CP010941.1
hlgA:20:CP010943.1	0	0	.	.	Original name was hlgA:20:CP010943.1
hlgA:21:CP010295.1	0	0	.	.	Original name was hlgA:21:CP010295.1
hlgA:22:LN626917.1	0	0	.	.	Original name was hlgA:22:LN626917.1
hlgA:23:CP006706.1	0	0	.	.	Original name was hlgA:23:CP006706.1
hlgB:1:BX571856.1	0	0	.	.	Original name was hlgB:1:BX571856.1
hlgB:2:CP003808.1	0	0	.	.	Original name was hlgB:2:CP003808.1
hlgB:3:CP012756.1	0	0	.	.	Original name was hlgB:3:CP012756.1
hlgB:4:FR821779.1	0	0	.	.	Original name was hlgB:4:FR821779.1
hlgB:5:CP010952.1	0	0	.	.	Original name was hlgB:5:CP010952.1
hlgB:6:CP001996.1	0	0	.	.	Original name was hlgB:6:CP001996.1
hlgB:7:CP011526.1	0	0	.	.	Original name was hlgB:7:CP011526.1
hlgB:8:BA000033.2	0	0	.	.	Original name was hlgB:8:BA000033.2
hlgB:9:AP014942.1	0	0	.	.	Original name was hlgB:9:AP014942.1
hlgB:10:CP011528.1	0	0	.	.	Original name was hlgB:10:CP011528.1
hlgB:11:BA000018.3	0	0	.	.	Original name was hlgB:11:BA000018.3
hlgB:12:AJ938182.1	0	0	.	.	Original name was hlgB:12:AJ938182.1
hlgB:13:BA000017.4	0	0	.	.	Original name was hlgB:13:BA000017.4
hlgB:14:CP006706.1	0	0	.	.	Original name was hlgB:14:CP006706.1
hlgB:15:CP002114.2	0	0	.	.	Original name was hlgB:15:CP002114.2
hlgB:16:CP010941.1	0	0	.	.	Original name was hlgB:16:CP010941.1
hlgB:17:CP006630.1	0	0	.	.	Original name was hlgB:17:CP006630.1
hlgB:18:CP010940.1	0	0	.	.	Original name was hlgB:18:CP010940.1
hlgC:1:BA000018.3	0	0	.	.	Original name was hlgC:1:BA000018.3
hlgC:2:HE579073.1	0	0	.	.	Original name was hlgC:2:HE579073.1
hlgC:3:AP014653.1	0	0	.	.	Original name was hlgC:3:AP014653.1
hlgC:4:CP010526.1	0	0	.	.	Original name was hlgC:4:CP010526.1
hlgC:5:AP014942.1	0	0	.	.	Original name was hlgC:5:AP014942.1
hlgC:6:BA000033.2	0	0	.	.	Original name was hlgC:6:BA000033.2
hlgC:7:BX571857.1	0	0	.	.	Original name was hlgC:7:BX571857.1
hlgC:8:CP001996.1	0	0	.	.	Original name was hlgC:8:CP001996.1
hlgC:9:CP003194.1	0	0	.	.	Original name was hlgC:9:CP003194.1
hlgC:10:FR821779.1	0	0	.	.	Original name was hlgC:10:FR821779.1
hlgC:11:AJ938182.1	0	0	.	.	Original name was hlgC:11:AJ938182.1
hlgC:12:CP003604.1	0	0	.	.	Original name was hlgC:12:CP003604.1
hlgC:13:CP006630.1	0	0	.	.	Original name was hlgC:13:CP006630.1
hlgC:14:CP009554.1	0	0	.	.	Original name was hlgC:14:CP009554.1
hlgC:15:AM990992.1	0	0	.	.	Original name was hlgC:15:AM990992.1
hlgC:16:CP006706.1	0	0	.	.	Original name was hlgC:16:CP006706.1
hlgC:17:HE681097.1	0	0	.	.	Original name was hlgC:17:HE681097.1
hlgC:18:CP006044.1	0	0	.	.	Original name was hlgC:18:CP006044.1
hlgC:19:CP003808.1	0	0	.	.	Original name was hlgC:19:CP003808.1
hlgC:20:CP007539.1	0	0	.	.	Original name was hlgC:20:CP007539.1
tst:1:EF531614.1	0	0	.	.	Original name was tst:1:EF531614.1
tst:2:EF531615.1	0	0	.	.	Original name was tst:2:EF531615.1
tst:3:AP009324.1	0	0	.	.	Original name was tst:3:AP009324.1
tst:4:CP009554.1	0	0	.	.	Original name was tst:4:CP009554.1
tst:5:J02615.1	0	0	.	.	Original name was tst:5:J02615.1
lukD:1:BA000018.3	0	0	.	.	Original name was lukD:1:BA000018.3
lukD:2:AP014942.1	0	0	.	.	Original name was lukD:2:AP014942.1
lukD:3:CP010402.1	0	0	.	.	Original name was lukD:3:CP010402.1
lukD:4:AP014653.1	0	0	.	.	Original name was lukD:4:AP014653.1
lukD:5:CP007674.1	0	0	.	.	Original name was lukD:5:CP007674.1
lukD:6:CP010300.1	0	0	.	.	Original name was lukD:6:CP010300.1
lukD:7:CP011526.1	0	0	.	.	Original name was lukD:7:CP011526.1
lukD:8:CP006838.1	0	0	.	.	Original name was lukD:8:CP006838.1
lukD:9:CP007499.1	0	0	.	.	Original name was lukD:9:CP007499.1
lukD:10:HF937103.1	0	0	.	.	Original name was lukD:10:HF937103.1
lukD:11:AJ938182.1	0	0	.	.	Original name was lukD:11:AJ938182.1
lukD:12:CP006706.1	0	0	.	.	Original name was lukD:12:CP006706.1
lukD:13:CP001996.1	0	0	.	.	Original name was lukD:13:CP001996.1
lukD:14:LN831036.1	0	0	.	.	Original name was lukD:14:LN831036.1
lukD:15:CP010402.1	0	0	.	.	Original name was lukD:15:CP010402.1
lukE:1:BA000018.3	0	0	.	.	Original name was lukE:1:BA000018.3
lukE:2:CP000736.1	0	0	.	.	Original name was lukE:2:CP000736.1
lukE:3:AP014653.1	0	0	.	.	Original name was lukE:3:AP014653.1
lukE:4:CP003194.1	0	0	.	.	Original name was lukE:4:CP003194.1
lukE:5:AP014942.1	0	0	.	.	Original name was lukE:5:AP014942.1
lukE:6:BA000033.2	0	0	.	.	Original name was lukE:6:BA000033.2
lukE:7:HF937103.1	0	0	.	.	Original name was lukE:7:HF937103.1
lukE:8:CP003033.1	0	0	.	.	Original name was lukE:8:CP003033.1
lukE:9:CP001781.1	0	0	.	.	Original name was lukE:9:CP001781.1
lukE:10:CP006706.1	0	0	.	.	Original name was lukE:10:CP006706.1
lukE:11:AJ938182.1	0	0	.	.	Original name was lukE:11:AJ938182.1
lukF-PV:1:AB04978.2	0	0	.	.	Original name was lukF-PV:1:AB04978.2
lukF-PV:2:FJ821791.1	0	0	.	.	Original name was lukF-PV:2:FJ821791.1
lukF-PV:3:AB678716.1	0	0	.	.	Original name was lukF-PV:3:AB678716.1
lukF-PV:4:CP012119.1	0	0	.	.	Original name was lukF-PV:4:CP012119.1
lukF-PV:5:HM584704.1	0	0	.	.	Original name was lukF-PV:5:HM584704.1
lukF-PV:6:HM584707.1	0	0	.	.	Original name was lukF-PV:6:HM584707.1
lukF-PV:7:AP012341.1	0	0	.	.	Original name was lukF-PV:7:AP012341.1
lukF-PV:8:AB678713.1	0	0	.	.	Original name was lukF-PV:8:AB678713.1
lukF-PV:9:FJ821791.1	0	0	.	.	Original name was lukF-PV:9:FJ821791.1
lukF-PV:10:AB678718.1	0	0	.	.	Original name was lukF-PV:10:AB678718.1
lukF-PV:11:AB678715.1	0	0	.	.	Original name was lukF-PV:11:AB678715.1
lukF-PV:12:AB006796.1	0	0	.	.	Original name was lukF-PV:12:AB006796.1
lukF-PV:13:X72700.1	0	0	.	.	Original name was lukF-PV:13:X72700.1
lukS-PV:1:AB045978.2	0	0	.	.	Original name was lukS-PV:1:AB045978.2
lukS-PV:2:HM584704.1	0	0	.	.	Original name was lukS-PV:2:HM584704.1
lukS-PV:3:KF773712.1	0	0	.	.	Original name was lukS-PV:3:KF773712.1
lukS-PV:4:AB678714.1	0	0	.	.	Original name was lukS-PV:4:AB678714.1
lukS-PV:5:AB009866.2	0	0	.	.	Original name was lukS-PV:5:AB009866.2
lukS-PV:6:AB678712.1	0	0	.	.	Original name was lukS-PV:6:AB678712.1
lukS-PV:7:CP012119.1	0	0	.	.	Original name was lukS-PV:7:CP012119.1
lukS-PV:8:DQ993352.1	0	0	.	.	Original name was lukS-PV:8:DQ993352.1
lukS-PV:9:AB678718.1	0	0	.	.	Original name was lukS-PV:9:AB678718.1
lukS-PV:10:X72700.1	0	0	.	.	Original name was lukS-PV:10:X72700.1
lukS-PV:11:AB256039.1	0	0	.	.	Original name was lukS-PV:11:AB256039.1
lukS-PV:12:EU368821.1	0	0	.	.	Original name was lukS-PV:12:EU368821.1
eta:1:AP008953.1	0	0	.	.	Original name was eta:1:AP008953.1
eta:2:KP893290.1	0	0	.	.	Original name was eta:2:KP893290.1
eta:3:L25372.1	0	0	.	.	Original name was eta:3:L25372.1
eta:4:KP893289.1	0	0	.	.	Original name was eta:4:KP893289.1
etb:1:M17348.1	0	0	.	.	Original name was etb:1:M17348.1
etb:2:AP012467.1	0	0	.	.	Original name was etb:2:AP012467.1
sea:1:AP009324.1	0	0	.	.	Original name was sea:1:AP009324.1
sea:2:CP010526.1	0	0	.	.	Original name was sea:2:CP010526.1
sep:1:BA000018.3	0	0	.	.	Original name was sep:1:BA000018.3
sea:3:BA000033.2	0	0	.	.	Original name was sea:3:BA000033.2
sea:4:FJ495182.1	0	0	.	.	Original name was sea:4:FJ495182.1
sea:5:EF520720.1	0	0	.	.	Original name was sea:5:EF520720.1
sea:6:L22566.1	0	0	.	.	Original name was sea:6:L22566.1
sea:7:AP009351.1	0	0	.	.	Original name was sea:7:AP009351.1
sea:8:DQ530361.1	0	0	.	.	Original name was sea:8:DQ530361.1
sea:9:KJ596420.1	0	0	.	.	Original name was sea:9:KJ596420.1
sea:10:AP009324.1	0	0	.	.	Original name was sea:10:AP009324.1
sea:11:CP010526.1	0	0	.	.	Original name was sea:11:CP010526.1
sep:2:KF831354.1	0	0	.	.	Original name was sep:2:KF831354.1
seb:1:CP007539.1	0	0	.	.	Original name was seb:1:CP007539.1
seb:2:KC428707.1	0	0	.	.	Original name was seb:2:KC428707.1
seb:3:DQ997831.1	0	0	.	.	Original name was seb:3:DQ997831.1
seb:4:AB716349.1	0	0	.	.	Original name was seb:4:AB716349.1
seb:5:AB860415.1	0	0	.	.	Original name was seb:5:AB860415.1
seb:6:AB716351.1	0	0	.	.	Original name was seb:6:AB716351.1
seb:7:AB716352.1	0	0	.	.	Original name was seb:7:AB716352.1
seb:8:AB716350.1	0	0	.	.	Original name was seb:8:AB716350.1
sec:1:BA000033.2	0	0	.	.	Original name was sec:1:BA000033.2
sec3:2:M28364.1	0	0	.	.	Original name was sec3:2:M28364.1
sec:3:AB860417.1	0	0	.	.	Original name was sec:3:AB860417.1
sec:4:KF386012.1	0	0	.	.	Original name was sec:4:KF386012.1
sec:5:X05815.1	0	0	.	.	Original name was sec:5:X05815.1
sec3:6:AP009324.1	0	0	.	.	Original name was sec3:6:AP009324.1
sec:7:AB084256.1	0	0	.	.	Original name was sec:7:AB084256.1
sec:8:KF729631.1	0	0	.	.	Original name was sec:8:KF729631.1
sec3:9:JN689383.1	0	0	.	.	Original name was sec3:9:JN689383.1
sec:10:AB084256.1	0	0	.	.	Original name was sec:10:AB084256.1
sed:1:M28521.1	0	0	.	.	Original name was sed:1:M28521.1
sed:2:M94872.1	0	0	.	.	Original name was sed:2:M94872.1
sed:3:KF007920.1	0	0	.	.	Original name was sed:3:KF007920.1
see:1:M21319.1	0	0	.	.	Original name was see:1:M21319.1
seg:1:CP001844.2	0	0	.	.	Original name was seg:1:CP001844.2
seg:2:CP002388.1	0	0	.	.	Original name was seg:2:CP002388.1
seg:3:AJ938182.1	0	0	.	.	Original name was seg:3:AJ938182.1
seq:1:CP002643.1	0	0	.	.	Original name was seq:1:CP002643.1
seq:2:AP014942.1	0	0	.	.	Original name was seq:2:AP014942.1
seq:3:FN433596.1	0	0	.	.	Original name was seq:3:FN433596.1
seq:4:CP003603.1	0	0	.	.	Original name was seq:4:CP003603.1
seq:5:CP006630.1	0	0	.	.	Original name was seq:5:CP006630.1
seq:6:CP003604.1	0	0	.	.	Original name was seq:6:CP003604.1
seq:7:AB704541.1	0	0	.	.	Original name was seq:7:AB704541.1
seq:8:CP000255.1	0	0	.	.	Original name was seq:8:CP000255.1
seq:9:AP014942.1	0	0	.	.	Original name was seq:9:AP014942.1
seq:10:CP003603.1	0	0	.	.	Original name was seq:10:CP003603.1
seq:11:CP006630.1	0	0	.	.	Original name was seq:11:CP006630.1
seq:12:CP002643.1	0	0	.	.	Original name was seq:12:CP002643.1
seq:13:CP003604.1	0	0	.	.	Original name was seq:13:CP003604.1
seh:1:BX571857.1	0	0	.	.	Original name was seh:1:BX571857.1
seh:2:U11702.1	0	0	.	.	Original name was seh:2:U11702.1
seh:3:AY345144.1	0	0	.	.	Original name was seh:3:AY345144.1
sei:1:BA000018.3	0	0	.	.	Original name was sei:1:BA000018.3
sei:2:AJ938182.1	0	0	.	.	Original name was sei:2:AJ938182.1
sei:3:CP011147.1	0	0	.	.	Original name was sei:3:CP011147.1
sei:4:CP002388.1	0	0	.	.	Original name was sei:4:CP002388.1
sej:1:GQ900405.1	0	0	.	.	Original name was sej:1:GQ900405.1
sej:2:AB075606.1	0	0	.	.	Original name was sej:2:AB075606.1
sek:1:CP000255.1	0	0	.	.	Original name was sek:1:CP000255.1
sek:2:U93688.2	0	0	.	.	Original name was sek:2:U93688.2
sek:3:CP007539.1	0	0	.	.	Original name was sek:3:CP007539.1
sek:4:GQ358928.1	0	0	.	.	Original name was sek:4:GQ358928.1
sek:5:CP006630.1	0	0	.	.	Original name was sek:5:CP006630.1
sek:6:BA000033.2	0	0	.	.	Original name was sek:6:BA000033.2
sel:1:BA000018.3	0	0	.	.	Original name was sel:1:BA000018.3
sel:2:AF217235.1	0	0	.	.	Original name was sel:2:AF217235.1
sem:1:CP002388.1	0	0	.	.	Original name was sem:1:CP002388.1
sem:2:AJ938182.1	0	0	.	.	Original name was sem:2:AJ938182.1
sem:3:BA000018.3	0	0	.	.	Original name was sem:3:BA000018.3
sen:1:BA000018.3	0	0	.	.	Original name was sen:1:BA000018.3
sen:2:AP014653.1	0	0	.	.	Original name was sen:2:AP014653.1
seo:1:BA000018.3	0	0	.	.	Original name was seo:1:BA000018.3
seo:2:CP003979.1	0	0	.	.	Original name was seo:2:CP003979.1
seo:3:CP002388.1	0	0	.	.	Original name was seo:3:CP002388.1
seo:4:AJ938182.1	0	0	.	.	Original name was seo:4:AJ938182.1
ser:1:AB075606.1	0	0	.	.	Original name was ser:1:AB075606.1
seu:1:CP002388.1	0	0	.	.	Original name was seu:1:CP002388.1
seu:2:HE681097.1	0	0	.	.	Original name was seu:2:HE681097.1
seu:3:CP006706.1	0	0	.	.	Original name was seu:3:CP006706.1
edinA:1:M63917.1	0	0	.	.	Original name was edinA:1:M63917.1
edinA:2:GQ900399.1	0	0	.	.	Original name was edinA:2:GQ900399.1
edinB:1:KC609427.1	0	0	.	.	Original name was edinB:1:KC609427.1
edinB:2:AJ277173.1|partial	0	0	.	.	Original name was edinB:2:AJ277173.1|partial
edinC:1:AP003088.1	0	0	.	.	Original name was edinC:1:AP003088.1
astA:1:AF161000	0	0	.	.	Original name was astA:1:AF161000
astA:2:AF161001	0	0	.	.	Original name was astA:2:AF161001
astA:3:AB042005	0	0	.	.	Original name was astA:3:AB042005
astA:4:AB042002	0	0	.	.	Original name was astA:4:AB042002
astA:5:AF160998	0	0	.	.	Original name was astA:5:AF160998
astA:6:AY545598	0	0	.	.	Original name was astA:6:AY545598
astA:7:AF411067	0	0	.	.	Original name was astA:7:AF411067
astA:8:HM099897	0	0	.	.	Original name was astA:8:HM099897
astA:9:AF160995	0	0	.	.	Original name was astA:9:AF160995
astA:10:L11241	0	0	.	.	Original name was astA:10:L11241
astA:11:HM099896	0	0	.	.	Original name was astA:11:HM099896
astA:12:KJ149556	0	0	.	.	Original name was astA:12:KJ149556
bfpA:1:AB247925	0	0	.	.	Original name was bfpA:1:AB247925
bfpA:2:AM114103	0	0	.	.	Original name was bfpA:2:AM114103
bfpA:3:FN391182	0	0	.	.	Original name was bfpA:3:FN391182
bfpA:4:AB247923	0	0	.	.	Original name was bfpA:4:AB247923
bfpA:5:AB024946	0	0	.	.	Original name was bfpA:5:AB024946
cba:1:FJ664727	0	0	.	.	Original name was cba:1:FJ664727
cba:2:FJ664725	0	0	.	.	Original name was cba:2:FJ664725
cba:3:FJ664734	0	0	.	.	Original name was cba:3:FJ664734
cba:4:FJ664722	0	0	.	.	Original name was cba:4:FJ664722
cba:5:FJ664747	0	0	.	.	Original name was cba:5:FJ664747
cba:6:FJ664720	0	0	.	.	Original name was cba:6:FJ664720
cba:7:FJ664719	0	0	.	.	Original name was cba:7:FJ664719
cba:8:FJ664737	0	0	.	.	Original name was cba:8:FJ664737
cba:9:FJ664740	0	0	.	.	Original name was cba:9:FJ664740
cba:10:FJ664744	0	0	.	.	Original name was cba:10:FJ664744
cba:11:FJ664721	0	0	.	.	Original name was cba:11:FJ664721
cba:12:FJ664745	0	0	.	.	Original name was cba:12:FJ664745
cba:13:FJ664738	0	0	.	.	Original name was cba:13:FJ664738
cba:14:FJ664743	0	0	.	.	Original name was cba:14:FJ664743
cba:15:FJ664724	0	0	.	.	Original name was cba:15:FJ664724
ccI:1:AF190857	0	0	.	.	Original name was ccI:1:AF190857
ccI:2:X04466	0	0	.	.	Original name was ccI:2:X04466
ccI:3:JF828150	0	0	.	.	Original name was ccI:3:JF828150
ccI:4:DQ298019	0	0	.	.	Original name was ccI:4:DQ298019
cdtB:1:AJ508930	0	0	.	.	Original name was cdtB:1:AJ508930
cdtB:2:AB472840	0	0	.	.	Original name was cdtB:2:AB472840
cdtB:3:AY365042	0	0	.	.	Original name was cdtB:3:AY365042
cdtB:4:AY365045	0	0	.	.	Original name was cdtB:4:AY365045
cdtB:5:AB472839	0	0	.	.	Original name was cdtB:5:AB472839
cdtB:6:KC618326	0	0	.	.	Original name was cdtB:6:KC618326
cdtB:7:AY365044	0	0	.	.	Original name was cdtB:7:AY365044
cdtB:8:JF297618	0	0	.	.	Original name was cdtB:8:JF297618
cdtB:9:AB583184	0	0	.	.	Original name was cdtB:9:AB583184
cdtB:10:AB583185	0	0	.	.	Original name was cdtB:10:AB583185
cdtB:11:AY696755	0	0	.	.	Original name was cdtB:11:AY696755
cdtB:12:AY696753	0	0	.	.	Original name was cdtB:12:AY696753
cdtB:13:U04208	0	0	.	.	Original name was cdtB:13:U04208
cdtB:14:AB472834	0	0	.	.	Original name was cdtB:14:AB472834
celb:1:X63621	0	0	.	.	Original name was celb:1:X63621
celb:2:M57540	0	0	.	.	Original name was celb:2:M57540
celb:3:M31808	0	0	.	.	Original name was celb:3:M31808
celb:4:CU928147	0	0	.	.	Original name was celb:4:CU928147
celb:5:M30445	0	0	.	.	Original name was celb:5:M30445
celb:6:X15858	0	0	.	.	Original name was celb:6:X15858
celb:7:HF570109	0	0	.	.	Original name was celb:7:HF570109
celb:8:AF540491	0	0	.	.	Original name was celb:8:AF540491
celb:9:X06119	0	0	.	.	Original name was celb:9:X06119
celb:10:D00021	0	0	.	.	Original name was celb:10:D00021
cfaC:1:M55661	0	0	.	.	Original name was cfaC:1:M55661
cfaC:2:FN649418	0	0	.	.	Original name was cfaC:2:FN649418
cfaC:3:AF296132	0	0	.	.	Original name was cfaC:3:AF296132
cfaC:4:AY283611	0	0	.	.	Original name was cfaC:4:AY283611
cif:1:AY128537	0	0	.	.	Original name was cif:1:AY128537
cif:2:AY128535	0	0	.	.	Original name was cif:2:AY128535
cif:3:AF497476	0	0	.	.	Original name was cif:3:AF497476
cif:4:AB426049	0	0	.	.	Original name was cif:4:AB426049
cma:1:FJ664772	0	0	.	.	Original name was cma:1:FJ664772
cma:2:FJ664741	0	0	.	.	Original name was cma:2:FJ664741
cma:3:FJ664746	0	0	.	.	Original name was cma:3:FJ664746
cma:4:FJ664725	0	0	.	.	Original name was cma:4:FJ664725
cma:5:FJ664737	0	0	.	.	Original name was cma:5:FJ664737
cma:6:FJ664745	0	0	.	.	Original name was cma:6:FJ664745
cma:7:FJ664734	0	0	.	.	Original name was cma:7:FJ664734
cma:8:FJ664724	0	0	.	.	Original name was cma:8:FJ664724
cma:9:CP000971	0	0	.	.	Original name was cma:9:CP000971
cma:10:FJ664756	0	0	.	.	Original name was cma:10:FJ664756
cma:11:FJ664758	0	0	.	.	Original name was cma:11:FJ664758
cma:12:FJ664752	0	0	.	.	Original name was cma:12:FJ664752
cma:13:FJ664733	0	0	.	.	Original name was cma:13:FJ664733
cma:14:FJ664726	0	0	.	.	Original name was cma:14:FJ664726
cma:15:FJ664729	0	0	.	.	Original name was cma:15:FJ664729
cma:16:FJ664720	0	0	.	.	Original name was cma:16:FJ664720
cma:17:FJ664744	0	0	.	.	Original name was cma:17:FJ664744
cma:18:FJ664718	0	0	.	.	Original name was cma:18:FJ664718
cma:19:FJ664773	0	0	.	.	Original name was cma:19:FJ664773
cnf1:1:U42629	0	0	.	.	Original name was cnf1:1:U42629
cnf1:2:X70670	0	0	.	.	Original name was cnf1:2:X70670
cnf1:3:CP000243	0	0	.	.	Original name was cnf1:3:CP000243
cnf1:4:CP002167	0	0	.	.	Original name was cnf1:4:CP002167
cnf1:5:AF483829	0	0	.	.	Original name was cnf1:5:AF483829
cnf1:6:AM261284	0	0	.	.	Original name was cnf1:6:AM261284
cnf1:7:AF483828	0	0	.	.	Original name was cnf1:7:AF483828
cofA:1:AB049751	0	0	.	.	Original name was cofA:1:AB049751
eae:1:AB647560	0	0	.	.	Original name was eae:1:AB647560
eae:2:AB647609	0	0	.	.	Original name was eae:2:AB647609
eae:3:FJ609827	0	0	.	.	Original name was eae:3:FJ609827
eae:4:AF116899	0	0	.	.	Original name was eae:4:AF116899
eae:5:AJ303141	0	0	.	.	Original name was eae:5:AJ303141
eae:6:AB647400	0	0	.	.	Original name was eae:6:AB647400
eae:7:AJ877229	0	0	.	.	Original name was eae:7:AJ877229
eae:8:AY223510	0	0	.	.	Original name was eae:8:AY223510
eae:9:AJ877230	0	0	.	.	Original name was eae:9:AJ877230
eae:10:AY696839	0	0	.	.	Original name was eae:10:AY696839
eae:11:AJ705052	0	0	.	.	Original name was eae:11:AJ705052
eae:12:AB647369	0	0	.	.	Original name was eae:12:AB647369
eae:13:AB647607	0	0	.	.	Original name was eae:13:AB647607
eae:14:FJ609811	0	0	.	.	Original name was eae:14:FJ609811
eae:15:FM872421	0	0	.	.	Original name was eae:15:FM872421
eae:16:AJ876652	0	0	.	.	Original name was eae:16:AJ876652
eae:17:AB647460	0	0	.	.	Original name was eae:17:AB647460
eae:18:AJ705051	0	0	.	.	Original name was eae:18:AJ705051
eae:19:DQ523610	0	0	.	.	Original name was eae:19:DQ523610
eae:20:AF022236	0	0	.	.	Original name was eae:20:AF022236
eae:21:FM180568	0	0	.	.	Original name was eae:21:FM180568
eae:22:AB647391	0	0	.	.	Original name was eae:22:AB647391
eae:23:FJ609822	0	0	.	.	Original name was eae:23:FJ609822
eae:24:AB647569	0	0	.	.	Original name was eae:24:AB647569
eae:25:AJ705050	0	0	.	.	Original name was eae:25:AJ705050
eae:26:AJ876651	0	0	.	.	Original name was eae:26:AJ876651
eae:27:AB647610	0	0	.	.	Original name was eae:27:AB647610
eae:28:GU944692	0	0	.	.	Original name was eae:28:GU944692
eae:29:AF530555	0	0	.	.	Original name was eae:29:AF530555
eae:30:AJ271407	0	0	.	.	Original name was eae:30:AJ271407
eae:31:AJ744865	0	0	.	.	Original name was eae:31:AJ744865
eae:32:AF449417	0	0	.	.	Original name was eae:32:AF449417
eae:33:FJ609810	0	0	.	.	Original name was eae:33:FJ609810
eae:34:FJ609831	0	0	.	.	Original name was eae:34:FJ609831
eae:35:AB647440	0	0	.	.	Original name was eae:35:AB647440
eae:36:AJ876649	0	0	.	.	Original name was eae:36:AJ876649
eae:37:AB647555	0	0	.	.	Original name was eae:37:AB647555
eae:38:AB647368	0	0	.	.	Original name was eae:38:AB647368
eae:39:FJ609833	0	0	.	.	Original name was eae:39:FJ609833
eae:40:AB647573	0	0	.	.	Original name was eae:40:AB647573
eae:41:AF530554	0	0	.	.	Original name was eae:41:AF530554
eae:42:AF071034	0	0	.	.	Original name was eae:42:AF071034
eae:43:FM872418	0	0	.	.	Original name was eae:43:FM872418
eae:44:EF204930	0	0	.	.	Original name was eae:44:EF204930
eae:45:ECU59503	0	0	.	.	Original name was eae:45:ECU59503
eatA:1:CP000799	0	0	.	.	Original name was eatA:1:CP000799
eatA:2:CR942285	0	0	.	.	Original name was eatA:2:CR942285
eatA:3:AY163491	0	0	.	.	Original name was eatA:3:AY163491
efa1:1:AY840983	0	0	.	.	Original name was efa1:1:AY840983
efa1:2:AJ133705	0	0	.	.	Original name was efa1:2:AJ133705
efa1:3:FM180568	0	0	.	.	Original name was efa1:3:FM180568
efa1:4:AP010960	0	0	.	.	Original name was efa1:4:AP010960
efa1:5:AF159462	0	0	.	.	Original name was efa1:5:AF159462
efa1:6:AJ459584	0	0	.	.	Original name was efa1:6:AJ459584
efa1:7:AP010958	0	0	.	.	Original name was efa1:7:AP010958
efa1:8:CP001846	0	0	.	.	Original name was efa1:8:CP001846
efa1:9:AF453441	0	0	.	.	Original name was efa1:9:AF453441
efa1:10:AJ303141	0	0	.	.	Original name was efa1:10:AJ303141
efa1:11:AJ277443	0	0	.	.	Original name was efa1:11:AJ277443
epeA:1:AY258503	0	0	.	.	Original name was epeA:1:AY258503
espA:1:AJ225016	0	0	.	.	Original name was espA:1:AJ225016
espA:2:AJ633129	0	0	.	.	Original name was espA:2:AJ633129
espA:3:AF311901	0	0	.	.	Original name was espA:3:AF311901
espA:4:EU871628	0	0	.	.	Original name was espA:4:EU871628
espA:5:FN543502	0	0	.	.	Original name was espA:5:FN543502
espA:6:Y13068	0	0	.	.	Original name was espA:6:Y13068
espA:7:AJ633130	0	0	.	.	Original name was espA:7:AJ633130
espA:8:AF064683	0	0	.	.	Original name was espA:8:AF064683
espA:9:AJ225015	0	0	.	.	Original name was espA:9:AJ225015
espA:10:AJ225021	0	0	.	.	Original name was espA:10:AJ225021
espA:11:AJ303141	0	0	.	.	Original name was espA:11:AJ303141
espA:12:AY223511	0	0	.	.	Original name was espA:12:AY223511
espA:13:AF022236	0	0	.	.	Original name was espA:13:AF022236
espA:14:AJ225019	0	0	.	.	Original name was espA:14:AJ225019
espA:15:AJ225020	0	0	.	.	Original name was espA:15:AJ225020
espA:16:FM986651	0	0	.	.	Original name was espA:16:FM986651
espA:17:FM986652	0	0	.	.	Original name was espA:17:FM986652
espA:18:AP010960	0	0	.	.	Original name was espA:18:AP010960
espA:19:AE005174	0	0	.	.	Original name was espA:19:AE005174
espA:20:EU871627	0	0	.	.	Original name was espA:20:EU871627
espA:21:CP003109	0	0	.	.	Original name was espA:21:CP003109
espA:22:FM201463	0	0	.	.	Original name was espA:22:FM201463
espA:23:AJ225018	0	0	.	.	Original name was espA:23:AJ225018
espB:1:EU871627	0	0	.	.	Original name was espB:1:EU871627
espB:2:EU871628	0	0	.	.	Original name was espB:2:EU871628
espB:3:AF071034	0	0	.	.	Original name was espB:3:AF071034
espB:4:X96953	0	0	.	.	Original name was espB:4:X96953
espB:5:CP001846	0	0	.	.	Original name was espB:5:CP001846
espB:6:AE005174	0	0	.	.	Original name was espB:6:AE005174
espB:7:AP010958	0	0	.	.	Original name was espB:7:AP010958
espB:8:AJ303141	0	0	.	.	Original name was espB:8:AJ303141
espB:9:AB426060	0	0	.	.	Original name was espB:9:AB426060
espB:10:X99670	0	0	.	.	Original name was espB:10:X99670
espB:11:Y13859	0	0	.	.	Original name was espB:11:Y13859
espB:12:ECU65681	0	0	.	.	Original name was espB:12:ECU65681
espB:13:AF054421	0	0	.	.	Original name was espB:13:AF054421
espB:14:AP010953	0	0	.	.	Original name was espB:14:AP010953
espC:1:AF297061	0	0	.	.	Original name was espC:1:AF297061
espC:2:U69128	0	0	.	.	Original name was espC:2:U69128
espC:3:FM180568	0	0	.	.	Original name was espC:3:FM180568
espF:1:AF311901	0	0	.	.	Original name was espF:1:AF311901
espF:2:AF116900	0	0	.	.	Original name was espF:2:AF116900
espF:3:AP010958	0	0	.	.	Original name was espF:3:AP010958
espF:4:AJ303141	0	0	.	.	Original name was espF:4:AJ303141
espF:5:AJ633130	0	0	.	.	Original name was espF:5:AJ633130
espF:6:FM986651	0	0	.	.	Original name was espF:6:FM986651
espF:7:AP010960	0	0	.	.	Original name was espF:7:AP010960
espF:8:AF041809	0	0	.	.	Original name was espF:8:AF041809
espF:9:AJ633129	0	0	.	.	Original name was espF:9:AJ633129
espF:10:AE005174	0	0	.	.	Original name was espF:10:AE005174
espF:11:CP001846	0	0	.	.	Original name was espF:11:CP001846
espF:12:FM180568	0	0	.	.	Original name was espF:12:FM180568
espF:13:AF022236	0	0	.	.	Original name was espF:13:AF022236
espI:1:AJ278144	0	0	.	.	Original name was espI:1:AJ278144
espI:2:AP010958	0	0	.	.	Original name was espI:2:AP010958
espJ:1:AB303060	0	0	.	.	Original name was espJ:1:AB303060
espJ:2:AE005174	0	0	.	.	Original name was espJ:2:AE005174
espP:1:HM138194	0	0	.	.	Original name was espP:1:HM138194
espP:2:AY258503	0	0	.	.	Original name was espP:2:AY258503
espP:3:GQ259888	0	0	.	.	Original name was espP:3:GQ259888
espP:4:AB011549	0	0	.	.	Original name was espP:4:AB011549
etpD:1:AB011549	0	0	.	.	Original name was etpD:1:AB011549
etpD:2:AP010959	0	0	.	.	Original name was etpD:2:AP010959
etpD:3:CP003111	0	0	.	.	Original name was etpD:3:CP003111
f17A:1:L43373	0	0	.	.	Original name was f17A:1:L43373
f17A:2:AF055308	0	0	.	.	Original name was f17A:2:AF055308
f17A:3:AF022140	0	0	.	.	Original name was f17A:3:AF022140
f17A:4:AF055307	0	0	.	.	Original name was f17A:4:AF055307
f17A:5:AF055306	0	0	.	.	Original name was f17A:5:AF055306
f17A:6:CP001162	0	0	.	.	Original name was f17A:6:CP001162
f17A:7:L14318	0	0	.	.	Original name was f17A:7:L14318
f17G:1:AF055312	0	0	.	.	Original name was f17G:1:AF055312
f17G:2:L43374	0	0	.	.	Original name was f17G:2:L43374
f17G:3:L33969	0	0	.	.	Original name was f17G:3:L33969
f17G:4:AF022140	0	0	.	.	Original name was f17G:4:AF022140
f17G:5:CP001162	0	0	.	.	Original name was f17G:5:CP001162
f17G:6:L77091	0	0	.	.	Original name was f17G:6:L77091
f17G:7:L14319	0	0	.	.	Original name was f17G:7:L14319
f17G:8:AF055311	0	0	.	.	Original name was f17G:8:AF055311
f17G:9:AF055310	0	0	.	.	Original name was f17G:9:AF055310
fanA:1:X05797	0	0	.	.	Original name was fanA:1:X05797
fasA:1:M35257	0	0	.	.	Original name was fasA:1:M35257
fedA:1:M61713	0	0	.	.	Original name was fedA:1:M61713
fedA:2:AY569976	0	0	.	.	Original name was fedA:2:AY569976
fedA:3:AM293592	0	0	.	.	Original name was fedA:3:AM293592
fedF:1:AY970782	0	0	.	.	Original name was fedF:1:AY970782
fedF:2:AY970797	0	0	.	.	Original name was fedF:2:AY970797
fedF:3:DQ914286	0	0	.	.	Original name was fedF:3:DQ914286
fedF:4:DQ995282	0	0	.	.	Original name was fedF:4:DQ995282
fedF:5:AY970783	0	0	.	.	Original name was fedF:5:AY970783
fedF:6:AY970808	0	0	.	.	Original name was fedF:6:AY970808
fim41a:1:X14354	0	0	.	.	Original name was fim41a:1:X14354
fim41a:2:M21788	0	0	.	.	Original name was fim41a:2:M21788
gad:1:CU928158	0	0	.	.	Original name was gad:1:CU928158
gad:2:CU928158	0	0	.	.	Original name was gad:2:CU928158
gad:3:EF547388	0	0	.	.	Original name was gad:3:EF547388
gad:4:CP001925	0	0	.	.	Original name was gad:4:CP001925
gad:5:CP001846	0	0	.	.	Original name was gad:5:CP001846
gad:6:BA000007	0	0	.	.	Original name was gad:6:BA000007
gad:7:EF547382	0	0	.	.	Original name was gad:7:EF547382
gad:8:CP000266	0	0	.	.	Original name was gad:8:CP000266
gad:9:AE005674	0	0	.	.	Original name was gad:9:AE005674
gad:10:AE014073	0	0	.	.	Original name was gad:10:AE014073
gad:11:EF547385	0	0	.	.	Original name was gad:11:EF547385
gad:12:CP000036	0	0	.	.	Original name was gad:12:CP000036
gad:13:CU928160	0	0	.	.	Original name was gad:13:CU928160
gad:14:CP003297	0	0	.	.	Original name was gad:14:CP003297
gad:15:AP009240	0	0	.	.	Original name was gad:15:AP009240
gad:16:FN649414	0	0	.	.	Original name was gad:16:FN649414
gad:17:U00096	0	0	.	.	Original name was gad:17:U00096
gad:18:EF547380	0	0	.	.	Original name was gad:18:EF547380
gad:19:EF547383	0	0	.	.	Original name was gad:19:EF547383
gad:20:AP010953	0	0	.	.	Original name was gad:20:AP010953
gad:21:CU928163	0	0	.	.	Original name was gad:21:CU928163
gad:22:CP000970	0	0	.	.	Original name was gad:22:CP000970
gad:23:CP000970	0	0	.	.	Original name was gad:23:CP000970
gad:24:CP003034	0	0	.	.	Original name was gad:24:CP003034
gad:25:CP000802	0	0	.	.	Original name was gad:25:CP000802
gad:26:CP004009	0	0	.	.	Original name was gad:26:CP004009
gad:27:U00096	0	0	.	.	Original name was gad:27:U00096
gad:28:CP001665	0	0	.	.	Original name was gad:28:CP001665
gad:29:CP000946	0	0	.	.	Original name was gad:29:CP000946
gad:30:CP003301	0	0	.	.	Original name was gad:30:CP003301
gad:31:CP002967	0	0	.	.	Original name was gad:31:CP002967
gad:32:EF551357	0	0	.	.	Original name was gad:32:EF551357
gad:33:EF551358	0	0	.	.	Original name was gad:33:EF551358
gad:34:AP009240	0	0	.	.	Original name was gad:34:AP009240
gad:35:EF551359	0	0	.	.	Original name was gad:35:EF551359
gad:36:EF551360	0	0	.	.	Original name was gad:36:EF551360
gad:37:AP010958	0	0	.	.	Original name was gad:37:AP010958
gad:38:CP003289	0	0	.	.	Original name was gad:38:CP003289
gad:39:CP003297	0	0	.	.	Original name was gad:39:CP003297
gad:40:CP001063	0	0	.	.	Original name was gad:40:CP001063
gad:41:CP002185	0	0	.	.	Original name was gad:41:CP002185
gad:42:AP010953	0	0	.	.	Original name was gad:42:AP010953
gad:43:CP000034	0	0	.	.	Original name was gad:43:CP000034
gad:44:BA000007	0	0	.	.	Original name was gad:44:BA000007
gad:45:EF551355	0	0	.	.	Original name was gad:45:EF551355
gad:46:CU928163	0	0	.	.	Original name was gad:46:CU928163
gad:47:FN554766	0	0	.	.	Original name was gad:47:FN554766
gad:48:FN649414	0	0	.	.	Original name was gad:48:FN649414
gad:49:CP000038	0	0	.	.	Original name was gad:49:CP000038
gad:50:AE005674	0	0	.	.	Original name was gad:50:AE005674
gad:51:CP000266	0	0	.	.	Original name was gad:51:CP000266
gad:52:CP003034	0	0	.	.	Original name was gad:52:CP003034
gad:53:CP001855	0	0	.	.	Original name was gad:53:CP001855
gad:54:CP001969	0	0	.	.	Original name was gad:54:CP001969
gad:55:CP002167	0	0	.	.	Original name was gad:55:CP002167
gad:56:CP000247	0	0	.	.	Original name was gad:56:CP000247
gad:57:AP009378	0	0	.	.	Original name was gad:57:AP009378
gad:58:CU928162	0	0	.	.	Original name was gad:58:CU928162
gad:59:EF547386	0	0	.	.	Original name was gad:59:EF547386
gad:60:CP001671	0	0	.	.	Original name was gad:60:CP001671
gad:61:FM180568	0	0	.	.	Original name was gad:61:FM180568
gad:62:EF547387	0	0	.	.	Original name was gad:62:EF547387
gad:63:CP001855	0	0	.	.	Original name was gad:63:CP001855
gad:64:AP009378	0	0	.	.	Original name was gad:64:AP009378
gad:65:CU928162	0	0	.	.	Original name was gad:65:CU928162
gad:66:CP002167	0	0	.	.	Original name was gad:66:CP002167
gad:67:CP001671	0	0	.	.	Original name was gad:67:CP001671
gad:68:CP000247	0	0	.	.	Original name was gad:68:CP000247
gad:69:FM180568	0	0	.	.	Original name was gad:69:FM180568
gad:70:EF551351	0	0	.	.	Original name was gad:70:EF551351
ehxA:1:EF204927	0	0	.	.	Original name was ehxA:1:EF204927
ehxA:2:EF204928	0	0	.	.	Original name was ehxA:2:EF204928
ehxA:3:AB011549	0	0	.	.	Original name was ehxA:3:AB011549
ehxA:4:X94129	0	0	.	.	Original name was ehxA:4:X94129
ehxA:5:FJ386569	0	0	.	.	Original name was ehxA:5:FJ386569
ehxA:6:AP010959	0	0	.	.	Original name was ehxA:6:AP010959
ehxA:7:HM138194	0	0	.	.	Original name was ehxA:7:HM138194
ehxA:8:AY258503	0	0	.	.	Original name was ehxA:8:AY258503
ehxA:9:AF043471	0	0	.	.	Original name was ehxA:9:AF043471
ehxA:10:EF204922	0	0	.	.	Original name was ehxA:10:EF204922
ehxA:11:EF204925	0	0	.	.	Original name was ehxA:11:EF204925
ehxA:12:EF204923	0	0	.	.	Original name was ehxA:12:EF204923
hlyE:1:AF052225	0	0	.	.	Original name was hlyE:1:AF052225
iha:1:CP000970	0	0	.	.	Original name was iha:1:CP000970
iha:2:FR686852	0	0	.	.	Original name was iha:2:FR686852
iha:3:GU725392	0	0	.	.	Original name was iha:3:GU725392
iha:4:AF399919	0	0	.	.	Original name was iha:4:AF399919
iha:5:AP010953	0	0	.	.	Original name was iha:5:AP010953
iha:6:DQ211582	0	0	.	.	Original name was iha:6:DQ211582
iha:7:AE014075	0	0	.	.	Original name was iha:7:AE014075
iha:8:AJ586888	0	0	.	.	Original name was iha:8:AJ586888
iha:9:CP002212	0	0	.	.	Original name was iha:9:CP002212
iha:10:CP003034	0	0	.	.	Original name was iha:10:CP003034
iha:11:CP001671	0	0	.	.	Original name was iha:11:CP001671
iha:12:CP003289	0	0	.	.	Original name was iha:12:CP003289
iha:13:BA000007	0	0	.	.	Original name was iha:13:BA000007
iha:14:AE005174	0	0	.	.	Original name was iha:14:AE005174
iha:15:CP000036	0	0	.	.	Original name was iha:15:CP000036
iha:16:CP001063	0	0	.	.	Original name was iha:16:CP001063
iha:17:CU928162	0	0	.	.	Original name was iha:17:CU928162
iha:18:CU928162	0	0	.	.	Original name was iha:18:CU928162
iha:19:AJ278144	0	0	.	.	Original name was iha:19:AJ278144
ipaD:1:X60777	0	0	.	.	Original name was ipaD:1:X60777
ipaD:2:CP000039	0	0	.	.	Original name was ipaD:2:CP000039
ipaD:3:AF348706	0	0	.	.	Original name was ipaD:3:AF348706
ipaD:4:AF386526	0	0	.	.	Original name was ipaD:4:AF386526
ipaD:5:CP001384	0	0	.	.	Original name was ipaD:5:CP001384
ipaD:6:CP000035	0	0	.	.	Original name was ipaD:6:CP000035
ipaD:7:GQ201921	0	0	.	.	Original name was ipaD:7:GQ201921
ipaD:8:AY206439	0	0	.	.	Original name was ipaD:8:AY206439
ipaD:9:CP001062	0	0	.	.	Original name was ipaD:9:CP001062
ipaH9.8:1:CP000034	0	0	.	.	Original name was ipaH9.8:1:CP000034
ipaH9.8:2:CP000036	0	0	.	.	Original name was ipaH9.8:2:CP000036
ipaH9.8:3:CP000038	0	0	.	.	Original name was ipaH9.8:3:CP000038
ipaH9.8:4:HE616528	0	0	.	.	Original name was ipaH9.8:4:HE616528
ipaH9.8:5:CP000266	0	0	.	.	Original name was ipaH9.8:5:CP000266
ipaH9.8:6:AE005674	0	0	.	.	Original name was ipaH9.8:6:AE005674
ipaH9.8:7:CP001383	0	0	.	.	Original name was ipaH9.8:7:CP001383
ipaH9.8:8:CP001063	0	0	.	.	Original name was ipaH9.8:8:CP001063
ireA:1:CU928162	0	0	.	.	Original name was ireA:1:CU928162
ireA:2:AE014075	0	0	.	.	Original name was ireA:2:AE014075
ireA:3:CP000468	0	0	.	.	Original name was ireA:3:CP000468
ireA:4:CP002797	0	0	.	.	Original name was ireA:4:CP002797
iroN:1:CP002824	0	0	.	.	Original name was iroN:1:CP002824
iroN:2:FO203355	0	0	.	.	Original name was iroN:2:FO203355
iroN:3:CU928146	0	0	.	.	Original name was iroN:3:CU928146
iroN:4:CP000243	0	0	.	.	Original name was iroN:4:CP000243
iroN:5:AY545598	0	0	.	.	Original name was iroN:5:AY545598
iroN:6:AF449498	0	0	.	.	Original name was iroN:6:AF449498
iroN:7:AE014075	0	0	.	.	Original name was iroN:7:AE014075
iroN:8:AY365116	0	0	.	.	Original name was iroN:8:AY365116
iroN:9:CP000034	0	0	.	.	Original name was iroN:9:CP000034
iroN:10:AP006726	0	0	.	.	Original name was iroN:10:AP006726
iroN:11:CP002911	0	0	.	.	Original name was iroN:11:CP002911
iroN:12:AP006725	0	0	.	.	Original name was iroN:12:AP006725
iroN:13:FP929040	0	0	.	.	Original name was iroN:13:FP929040
iss:1:DQ381420	0	0	.	.	Original name was iss:1:DQ381420
iss:2:CP000468	0	0	.	.	Original name was iss:2:CP000468
iss:3:CP001509	0	0	.	.	Original name was iss:3:CP001509
iss:4:CP001855	0	0	.	.	Original name was iss:4:CP001855
iss:5:AP009240	0	0	.	.	Original name was iss:5:AP009240
iss:6:CP001846	0	0	.	.	Original name was iss:6:CP001846
iss:7:CU928163	0	0	.	.	Original name was iss:7:CU928163
iss:8:CP001665	0	0	.	.	Original name was iss:8:CP001665
iss:9:CP002167	0	0	.	.	Original name was iss:9:CP002167
iss:10:CP004009	0	0	.	.	Original name was iss:10:CP004009
iss:11:AE014075	0	0	.	.	Original name was iss:11:AE014075
iss:12:CU928158	0	0	.	.	Original name was iss:12:CU928158
iss:13:CU928160	0	0	.	.	Original name was iss:13:CU928160
iss:14:DQ299398	0	0	.	.	Original name was iss:14:DQ299398
K88ab:1:CP002968	0	0	.	.	Original name was K88ab:1:CP002968
K88ab:2:M29376	0	0	.	.	Original name was K88ab:2:M29376
K88ab:3:M29374	0	0	.	.	Original name was K88ab:3:M29374
K88ab:4:U19784	0	0	.	.	Original name was K88ab:4:U19784
K88ab:5:AJ616256	0	0	.	.	Original name was K88ab:5:AJ616256
K88ab:6:CP002730	0	0	.	.	Original name was K88ab:6:CP002730
K88ab:7:AJ616239	0	0	.	.	Original name was K88ab:7:AJ616239
K88ab:8:EU570252	0	0	.	.	Original name was K88ab:8:EU570252
K88ab:9:M25302	0	0	.	.	Original name was K88ab:9:M25302
K88ab:10:AJ616236	0	0	.	.	Original name was K88ab:10:AJ616236
katP:1:AB011549	0	0	.	.	Original name was katP:1:AB011549
lngA:1:AF004308	0	0	.	.	Original name was lngA:1:AF004308
lngA:2:FN822746	0	0	.	.	Original name was lngA:2:FN822746
lpfA:1:KC207123	0	0	.	.	Original name was lpfA:1:KC207123
lpfA:2:AE014073	0	0	.	.	Original name was lpfA:2:AE014073
lpfA:3:AP010953	0	0	.	.	Original name was lpfA:3:AP010953
lpfA:4:HE616528	0	0	.	.	Original name was lpfA:4:HE616528
lpfA:5:AY646923	0	0	.	.	Original name was lpfA:5:AY646923
lpfA:6:CU928145	0	0	.	.	Original name was lpfA:6:CU928145
lpfA:7:CU928160	0	0	.	.	Original name was lpfA:7:CU928160
lpfA:8:CP002185	0	0	.	.	Original name was lpfA:8:CP002185
lpfA:9:CP000970	0	0	.	.	Original name was lpfA:9:CP000970
lpfA:10:AB198066	0	0	.	.	Original name was lpfA:10:AB198066
lpfA:11:CP003034	0	0	.	.	Original name was lpfA:11:CP003034
ltcA:1:V00275	0	0	.	.	Original name was ltcA:1:V00275
ltcA:2:EU113250	0	0	.	.	Original name was ltcA:2:EU113250
ltcA:3:EU113255	0	0	.	.	Original name was ltcA:3:EU113255
ltcA:4:EU113253	0	0	.	.	Original name was ltcA:4:EU113253
ltcA:5:EU113246	0	0	.	.	Original name was ltcA:5:EU113246
ltcA:6:EU113254	0	0	.	.	Original name was ltcA:6:EU113254
ltcA:7:EU113249	0	0	.	.	Original name was ltcA:7:EU113249
ltcA:8:EU113247	0	0	.	.	Original name was ltcA:8:EU113247
ltcA:9:EU113252	0	0	.	.	Original name was ltcA:9:EU113252
ltcA:10:EU113243	0	0	.	.	Original name was ltcA:10:EU113243
ltcA:11:EU113244	0	0	.	.	Original name was ltcA:11:EU113244
ltcA:12:EU113242	0	0	.	.	Original name was ltcA:12:EU113242
ltcA:13:EU113251	0	0	.	.	Original name was ltcA:13:EU113251
ltcA:14:JX504011	0	0	.	.	Original name was ltcA:14:JX504011
ltcA:15:EU113248	0	0	.	.	Original name was ltcA:15:EU113248
ltcA:16:CP000795	0	0	.	.	Original name was ltcA:16:CP000795
ltcA:17:AP010910	0	0	.	.	Original name was ltcA:17:AP010910
mchB:1:AE014075	0	0	.	.	Original name was mchB:1:AE014075
mchB:2:AJ009631	0	0	.	.	Original name was mchB:2:AJ009631
mchC:1:AJ515251	0	0	.	.	Original name was mchC:1:AJ515251
mchC:2:AJ009631	0	0	.	.	Original name was mchC:2:AJ009631
mchC:3:AJ515252	0	0	.	.	Original name was mchC:3:AJ515252
mchC:4:FN554766	0	0	.	.	Original name was mchC:4:FN554766
mchC:5:CP003289	0	0	.	.	Original name was mchC:5:CP003289
mchC:6:AE014075	0	0	.	.	Original name was mchC:6:AE014075
mchF:1:AF063590	0	0	.	.	Original name was mchF:1:AF063590
mchF:2:CP003785	0	0	.	.	Original name was mchF:2:CP003785
mchF:3:CP003301	0	0	.	.	Original name was mchF:3:CP003301
mchF:4:AE014075	0	0	.	.	Original name was mchF:4:AE014075
mchF:5:AJ515252	0	0	.	.	Original name was mchF:5:AJ515252
mchF:6:AJ515251	0	0	.	.	Original name was mchF:6:AJ515251
mchF:7:AJ009631	0	0	.	.	Original name was mchF:7:AJ009631
mchF:8:FN554766	0	0	.	.	Original name was mchF:8:FN554766
mchF:9:AY237108	0	0	.	.	Original name was mchF:9:AY237108
mchF:10:AY536378	0	0	.	.	Original name was mchF:10:AY536378
mchF:11:JX077110	0	0	.	.	Original name was mchF:11:JX077110
mchF:12:CP002089	0	0	.	.	Original name was mchF:12:CP002089
mchF:13:AF449498	0	0	.	.	Original name was mchF:13:AF449498
mchF:14:AY545598	0	0	.	.	Original name was mchF:14:AY545598
mchF:15:X57524	0	0	.	.	Original name was mchF:15:X57524
mcmA:1:CP000247	0	0	.	.	Original name was mcmA:1:CP000247
mcmA:2:FN554766	0	0	.	.	Original name was mcmA:2:FN554766
mcmA:3:AJ515251	0	0	.	.	Original name was mcmA:3:AJ515251
mcmA:4:AJ586887	0	0	.	.	Original name was mcmA:4:AJ586887
nfaE:1:S61968	0	0	.	.	Original name was nfaE:1:S61968
nfaE:2:FM955462	0	0	.	.	Original name was nfaE:2:FM955462
nfaE:3:FM955460	0	0	.	.	Original name was nfaE:3:FM955460
nfaE:4:AF325672	0	0	.	.	Original name was nfaE:4:AF325672
nfaE:5:X76688	0	0	.	.	Original name was nfaE:5:X76688
nleA:1:AM421996	0	0	.	.	Original name was nleA:1:AM421996
nleA:2:JN159726	0	0	.	.	Original name was nleA:2:JN159726
nleA:3:AB303062	0	0	.	.	Original name was nleA:3:AB303062
nleA:4:AM421995	0	0	.	.	Original name was nleA:4:AM421995
nleA:5:JN159732	0	0	.	.	Original name was nleA:5:JN159732
nleA:6:AM422006	0	0	.	.	Original name was nleA:6:AM422006
nleA:7:CP001164	0	0	.	.	Original name was nleA:7:CP001164
nleA:8:AE005174	0	0	.	.	Original name was nleA:8:AE005174
nleA:9:JN159731	0	0	.	.	Original name was nleA:9:JN159731
nleA:10:AM422005	0	0	.	.	Original name was nleA:10:AM422005
nleA:11:FM180568	0	0	.	.	Original name was nleA:11:FM180568
nleA:12:AM422003	0	0	.	.	Original name was nleA:12:AM422003
nleA:13:AP010960	0	0	.	.	Original name was nleA:13:AP010960
nleA:14:AM422007	0	0	.	.	Original name was nleA:14:AM422007
nleA:15:CP003111	0	0	.	.	Original name was nleA:15:CP003111
nleA:16:GQ845116	0	0	.	.	Original name was nleA:16:GQ845116
nleA:17:AM421999	0	0	.	.	Original name was nleA:17:AM421999
nleA:18:AM421997	0	0	.	.	Original name was nleA:18:AM421997
nleB:1:CP001846	0	0	.	.	Original name was nleB:1:CP001846
nleB:2:AB303062	0	0	.	.	Original name was nleB:2:AB303062
nleB:3:AE005174	0	0	.	.	Original name was nleB:3:AE005174
nleB:4:AB426056	0	0	.	.	Original name was nleB:4:AB426056
nleB:5:AY747106	0	0	.	.	Original name was nleB:5:AY747106
nleB:6:FN543502	0	0	.	.	Original name was nleB:6:FN543502
nleB:7:FM986650	0	0	.	.	Original name was nleB:7:FM986650
nleB:8:AB426063	0	0	.	.	Original name was nleB:8:AB426063
nleB:9:FM986651	0	0	.	.	Original name was nleB:9:FM986651
nleB:10:AP010960	0	0	.	.	Original name was nleB:10:AP010960
nleB:11:AF453441	0	0	.	.	Original name was nleB:11:AF453441
nleB:12:FM201463	0	0	.	.	Original name was nleB:12:FM201463
nleB:13:AE005174	0	0	.	.	Original name was nleB:13:AE005174
nleB:14:AP010958	0	0	.	.	Original name was nleB:14:AP010958
nleC:1:AY485823	0	0	.	.	Original name was nleC:1:AY485823
nleC:2:FN543502	0	0	.	.	Original name was nleC:2:FN543502
nleC:3:AP010953	0	0	.	.	Original name was nleC:3:AP010953
nleC:4:AE005174	0	0	.	.	Original name was nleC:4:AE005174
nleC:5:AP010960	0	0	.	.	Original name was nleC:5:AP010960
nleC:6:AP010960	0	0	.	.	Original name was nleC:6:AP010960
perA:1:EF011059	0	0	.	.	Original name was perA:1:EF011059
perA:2:EF011041	0	0	.	.	Original name was perA:2:EF011041
perA:3:AF255772	0	0	.	.	Original name was perA:3:AF255772
perA:4:AF255769	0	0	.	.	Original name was perA:4:AF255769
perA:5:AF307342	0	0	.	.	Original name was perA:5:AF307342
perA:6:EF011042	0	0	.	.	Original name was perA:6:EF011042
perA:7:AB523688	0	0	.	.	Original name was perA:7:AB523688
perA:8:EF011044	0	0	.	.	Original name was perA:8:EF011044
perA:9:AF255768	0	0	.	.	Original name was perA:9:AF255768
perA:10:EF011045	0	0	.	.	Original name was perA:10:EF011045
perA:11:AF254667	0	0	.	.	Original name was perA:11:AF254667
perA:12:AF295088	0	0	.	.	Original name was perA:12:AF295088
perA:13:AB024946	0	0	.	.	Original name was perA:13:AB024946
perA:14:EF011049	0	0	.	.	Original name was perA:14:EF011049
perA:15:AF305565	0	0	.	.	Original name was perA:15:AF305565
perA:16:AB523696	0	0	.	.	Original name was perA:16:AB523696
perA:17:EF011053	0	0	.	.	Original name was perA:17:EF011053
perA:18:AB523694	0	0	.	.	Original name was perA:18:AB523694
perA:19:AB523691	0	0	.	.	Original name was perA:19:AB523691
pet:1:AF056581	0	0	.	.	Original name was pet:1:AF056581
pic:1:AE014075	0	0	.	.	Original name was pic:1:AE014075
pic:2:CP003289	0	0	.	.	Original name was pic:2:CP003289
pic:3:U35656	0	0	.	.	Original name was pic:3:U35656
pic:4:AF097644	0	0	.	.	Original name was pic:4:AF097644
pic:5:CU928145	0	0	.	.	Original name was pic:5:CU928145
pic:6:FN554766	0	0	.	.	Original name was pic:6:FN554766
rpeA:1:AY552473	0	0	.	.	Original name was rpeA:1:AY552473
sat:1:CP003034	0	0	.	.	Original name was sat:1:CP003034
sat:2:AJ586888	0	0	.	.	Original name was sat:2:AJ586888
sat:3:CP001671	0	0	.	.	Original name was sat:3:CP001671
sat:4:JX050263	0	0	.	.	Original name was sat:4:JX050263
sat:5:CU928163	0	0	.	.	Original name was sat:5:CU928163
sat:6:AE014075	0	0	.	.	Original name was sat:6:AE014075
senB:1:CP001062	0	0	.	.	Original name was senB:1:CP001062
senB:2:FJ876827	0	0	.	.	Original name was senB:2:FJ876827
senB:3:CP000038	0	0	.	.	Original name was senB:3:CP000038
sepA:1:Z48219	0	0	.	.	Original name was sepA:1:Z48219
sepA:2:AY604009	0	0	.	.	Original name was sepA:2:AY604009
sepA:3:AF348706	0	0	.	.	Original name was sepA:3:AF348706
sepA:4:CP001384	0	0	.	.	Original name was sepA:4:CP001384
sepA:5:AF386526	0	0	.	.	Original name was sepA:5:AF386526
sepA:6:CP003299	0	0	.	.	Original name was sepA:6:CP003299
sepA:7:AB255435	0	0	.	.	Original name was sepA:7:AB255435
sfaS:1:CP000243	0	0	.	.	Original name was sfaS:1:CP000243
sigA:1:CP000038	0	0	.	.	Original name was sigA:1:CP000038
sigA:2:AE005674	0	0	.	.	Original name was sigA:2:AE005674
sta1:1:M25607	0	0	.	.	Original name was sta1:1:M25607
sta1:2:AJ555214	0	0	.	.	Original name was sta1:2:AJ555214
stb:1:AY028790	0	0	.	.	Original name was stb:1:AY028790
stb:2:AJ555214	0	0	.	.	Original name was stb:2:AJ555214
stb:3:CP000913	0	0	.	.	Original name was stb:3:CP000913
stx1A:1:AB050958:d	0	0	.	.	Original name was stx1A:1:AB050958:d
stx1A:2:AB050959:d	0	0	.	.	Original name was stx1A:2:AB050959:d
stx1A:3:AY170851:d	0	0	.	.	Original name was stx1A:3:AY170851:d
stx1A:4:AY986982:d	0	0	.	.	Original name was stx1A:4:AY986982:d
stx1A:5:AB071621:c	0	0	.	.	Original name was stx1A:5:AB071621:c
stx1A:6:AB048235:c	0	0	.	.	Original name was stx1A:6:AB048235:c
stx1A:7:AB048237:c	0	0	.	.	Original name was stx1A:7:AB048237:c
stx1A:8:GQ429160	0	0	.	.	Original name was stx1A:8:GQ429160
stx1A:9:AJ314838:c	0	0	.	.	Original name was stx1A:9:AJ314838:c
stx1A:10:AB071619:c	0	0	.	.	Original name was stx1A:10:AB071619:c
stx1A:11:AM230663:a	0	0	.	.	Original name was stx1A:11:AM230663:a
stx1A:12:AM230662:a	0	0	.	.	Original name was stx1A:12:AM230662:a
stx1A:13:JQ327854	0	0	.	.	Original name was stx1A:13:JQ327854
stx1A:14:JX206444	0	0	.	.	Original name was stx1A:14:JX206444
stx1A:15:AF461168:a	0	0	.	.	Original name was stx1A:15:AF461168:a
stx1A:16:JQ327853	0	0	.	.	Original name was stx1A:16:JQ327853
stx1A:17:AB083043:a	0	0	.	.	Original name was stx1A:17:AB083043:a
stx1A:18:EF079675:a	0	0	.	.	Original name was stx1A:18:EF079675:a
stx1B:1:AY986981:d	0	0	.	.	Original name was stx1B:1:AY986981:d
stx1B:2:AY170851:d	0	0	.	.	Original name was stx1B:2:AY170851:d
stx1B:3:AB083044:a	0	0	.	.	Original name was stx1B:3:AB083044:a
stx1B:4:AB048237:c	0	0	.	.	Original name was stx1B:4:AB048237:c
stx1B:5:GQ429160	0	0	.	.	Original name was stx1B:5:GQ429160
stx1B:6:AB048235:c	0	0	.	.	Original name was stx1B:6:AB048235:c
stx1B:7:DQ449666:c	0	0	.	.	Original name was stx1B:7:DQ449666:c
stx1B:8:AB071622:c	0	0	.	.	Original name was stx1B:8:AB071622:c
stx1B:9:AB071624:c	0	0	.	.	Original name was stx1B:9:AB071624:c
stx1B:10:AY135685:c	0	0	.	.	Original name was stx1B:10:AY135685:c
stx1B:11:AB071620:c	0	0	.	.	Original name was stx1B:11:AB071620:c
stx1B:12:AB050958:d	0	0	.	.	Original name was stx1B:12:AB050958:d
stx1B:13:Z36899:a	0	0	.	.	Original name was stx1B:13:Z36899:a
stx1B:14:AM230663:a	0	0	.	.	Original name was stx1B:14:AM230663:a
stx2A:1:AB472687:f	0	0	.	.	Original name was stx2A:1:AB472687:f
stx2A:2:AB232172:f	0	0	.	.	Original name was stx2A:2:AB232172:f
stx2A:3:AM904726:e	0	0	.	.	Original name was stx2A:3:AM904726:e
stx2A:4:AY332411:e	0	0	.	.	Original name was stx2A:4:AY332411:e
stx2A:5:X81418:e	0	0	.	.	Original name was stx2A:5:X81418:e
stx2A:6:U72191:e	0	0	.	.	Original name was stx2A:6:U72191:e
stx2A:7:FM998844:e	0	0	.	.	Original name was stx2A:7:FM998844:e
stx2A:8:GU945539:e	0	0	.	.	Original name was stx2A:8:GU945539:e
stx2A:9:FM998849:e	0	0	.	.	Original name was stx2A:9:FM998849:e
stx2A:10:X81417:e	0	0	.	.	Original name was stx2A:10:X81417:e
stx2A:11:AY368993:e	0	0	.	.	Original name was stx2A:11:AY368993:e
stx2A:12:X81415:e	0	0	.	.	Original name was stx2A:12:X81415:e
stx2A:13:X81416:e	0	0	.	.	Original name was stx2A:13:X81416:e
stx2A:14:AB252836:e	0	0	.	.	Original name was stx2A:14:AB252836:e
stx2A:15:FN182286:e	0	0	.	.	Original name was stx2A:15:FN182286:e
stx2A:16:FM998846:e	0	0	.	.	Original name was stx2A:16:FM998846:e
stx2A:17:FM998838:e	0	0	.	.	Original name was stx2A:17:FM998838:e
stx2A:18:AJ313016:e	0	0	.	.	Original name was stx2A:18:AJ313016:e
stx2A:19:AM937001:e	0	0	.	.	Original name was stx2A:19:AM937001:e
stx2A:20:KC339670	0	0	.	.	Original name was stx2A:20:KC339670
stx2A:21:FN252457	0	0	.	.	Original name was stx2A:21:FN252457
stx2A:22:GQ919289:g	0	0	.	.	Original name was stx2A:22:GQ919289:g
stx2A:23:AY286000:g	0	0	.	.	Original name was stx2A:23:AY286000:g
stx2A:24:GQ995452:g	0	0	.	.	Original name was stx2A:24:GQ995452:g
stx2A:25:AB048227:g	0	0	.	.	Original name was stx2A:25:AB048227:g
stx2A:26:GU228505:g	0	0	.	.	Original name was stx2A:26:GU228505:g
stx2A:27:AJ966783:g	0	0	.	.	Original name was stx2A:27:AJ966783:g
stx2A:28:AB048236:g	0	0	.	.	Original name was stx2A:28:AB048236:g
stx2A:29:AY443043:c	0	0	.	.	Original name was stx2A:29:AY443043:c
stx2A:30:AB741082:c	0	0	.	.	Original name was stx2A:30:AB741082:c
stx2A:31:DQ059012:d	0	0	.	.	Original name was stx2A:31:DQ059012:d
stx2A:32:EF441605:d	0	0	.	.	Original name was stx2A:32:EF441605:d
stx2A:33:AF500189:d	0	0	.	.	Original name was stx2A:33:AF500189:d
stx2A:34:EF584538:d	0	0	.	.	Original name was stx2A:34:EF584538:d
stx2A:35:AF479828:d	0	0	.	.	Original name was stx2A:35:AF479828:d
stx2A:36:AY443047:d	0	0	.	.	Original name was stx2A:36:AY443047:d
stx2A:37:AY443049:c	0	0	.	.	Original name was stx2A:37:AY443049:c
stx2A:38:FM998860:c	0	0	.	.	Original name was stx2A:38:FM998860:c
stx2A:39:AY443045:c	0	0	.	.	Original name was stx2A:39:AY443045:c
stx2A:40:AF500191:d	0	0	.	.	Original name was stx2A:40:AF500191:d
stx2A:41:JX206445	0	0	.	.	Original name was stx2A:41:JX206445
stx2A:42:AY443054:a	0	0	.	.	Original name was stx2A:42:AY443054:a
stx2A:43:AF500192:d	0	0	.	.	Original name was stx2A:43:AF500192:d
stx2A:44:AF329817:d	0	0	.	.	Original name was stx2A:44:AF329817:d
stx2A:45:DQ235775:d	0	0	.	.	Original name was stx2A:45:DQ235775:d
stx2A:46:EF441603:c	0	0	.	.	Original name was stx2A:46:EF441603:c
stx2A:47:JN193428	0	0	.	.	Original name was stx2A:47:JN193428
stx2A:48:X67514:d	0	0	.	.	Original name was stx2A:48:X67514:d
stx2A:49:X61283:d	0	0	.	.	Original name was stx2A:49:X61283:d
stx2A:50:AF479829:d	0	0	.	.	Original name was stx2A:50:AF479829:d
stx2A:51:EU816442:d	0	0	.	.	Original name was stx2A:51:EU816442:d
stx2A:52:Z50754:a	0	0	.	.	Original name was stx2A:52:Z50754:a
stx2A:53:FM998854:a	0	0	.	.	Original name was stx2A:53:FM998854:a
stx2A:54:AY443057:a	0	0	.	.	Original name was stx2A:54:AY443057:a
stx2A:55:FR850031	0	0	.	.	Original name was stx2A:55:FR850031
stx2A:56:FM998840:d	0	0	.	.	Original name was stx2A:56:FM998840:d
stx2A:57:JN193431	0	0	.	.	Original name was stx2A:57:JN193431
stx2A:58:AY633460:d	0	0	.	.	Original name was stx2A:58:AY633460:d
stx2A:59:EF441619:a	0	0	.	.	Original name was stx2A:59:EF441619:a
stx2A:60:AY633459:a	0	0	.	.	Original name was stx2A:60:AY633459:a
stx2A:61:EF441621:d	0	0	.	.	Original name was stx2A:61:EF441621:d
stx2A:62:AY633457:d	0	0	.	.	Original name was stx2A:62:AY633457:d
stx2A:63:AF500190:d	0	0	.	.	Original name was stx2A:63:AF500190:d
stx2A:64:AY095209:d	0	0	.	.	Original name was stx2A:64:AY095209:d
stx2A:65:AY633471:a	0	0	.	.	Original name was stx2A:65:AY633471:a
stx2A:66:JQ011318	0	0	.	.	Original name was stx2A:66:JQ011318
stx2A:67:EF441604:c	0	0	.	.	Original name was stx2A:67:EF441604:c
stx2A:68:AF461173:a	0	0	.	.	Original name was stx2A:68:AF461173:a
stx2A:69:CP003297	0	0	.	.	Original name was stx2A:69:CP003297
stx2A:70:AY143336:a	0	0	.	.	Original name was stx2A:70:AY143336:a
stx2A:71:DQ344636:a	0	0	.	.	Original name was stx2A:71:DQ344636:a
stx2A:72:AB048835:a	0	0	.	.	Original name was stx2A:72:AB048835:a
stx2A:73:JQ411011	0	0	.	.	Original name was stx2A:73:JQ411011
stx2A:74:AY633472:a	0	0	.	.	Original name was stx2A:74:AY633472:a
stx2A:75:AB048837:a	0	0	.	.	Original name was stx2A:75:AB048837:a
stx2A:76:FM998859:a	0	0	.	.	Original name was stx2A:76:FM998859:a
stx2A:77:FR874040	0	0	.	.	Original name was stx2A:77:FR874040
stx2A:78:AJ272135:a	0	0	.	.	Original name was stx2A:78:AJ272135:a
stx2A:79:AF525040:a	0	0	.	.	Original name was stx2A:79:AF525040:a
stx2A:80:FM998861:a	0	0	.	.	Original name was stx2A:80:FM998861:a
stx2A:81:FM998842:a	0	0	.	.	Original name was stx2A:81:FM998842:a
stx2A:82:Z37725:a	0	0	.	.	Original name was stx2A:82:Z37725:a
stx2A:83:FM998839:a	0	0	.	.	Original name was stx2A:83:FM998839:a
stx2A:84:AY633470:c	0	0	.	.	Original name was stx2A:84:AY633470:c
stx2A:85:GQ429162:a	0	0	.	.	Original name was stx2A:85:GQ429162:a
stx2A:86:FM998852:a	0	0	.	.	Original name was stx2A:86:FM998852:a
stx2A:87:AY443052:a	0	0	.	.	Original name was stx2A:87:AY443052:a
stx2A:88:GQ429163:a	0	0	.	.	Original name was stx2A:88:GQ429163:a
stx2A:89:EF441622:a	0	0	.	.	Original name was stx2A:89:EF441622:a
stx2A:90:FM998851:a	0	0	.	.	Original name was stx2A:90:FM998851:a
stx2A:91:GQ429168:a	0	0	.	.	Original name was stx2A:91:GQ429168:a
stx2A:92:EF441618:a	0	0	.	.	Original name was stx2A:92:EF441618:a
stx2A:93:GQ429170:a	0	0	.	.	Original name was stx2A:93:GQ429170:a
stx2A:94:L11079:c	0	0	.	.	Original name was stx2A:94:L11079:c
stx2A:95:AY443044:c	0	0	.	.	Original name was stx2A:95:AY443044:c
stx2A:96:AM982821:c	0	0	.	.	Original name was stx2A:96:AM982821:c
stx2A:97:AB015057:c	0	0	.	.	Original name was stx2A:97:AB015057:c
stx2A:98:FR851897:c	0	0	.	.	Original name was stx2A:98:FR851897:c
stx2A:99:EF441616:b	0	0	.	.	Original name was stx2A:99:EF441616:b
stx2A:100:AJ567995:b	0	0	.	.	Original name was stx2A:100:AJ567995:b
stx2A:101:L11078:b	0	0	.	.	Original name was stx2A:101:L11078:b
stx2A:102:X65949:b	0	0	.	.	Original name was stx2A:102:X65949:b
stx2A:103:AJ313015:b	0	0	.	.	Original name was stx2A:103:AJ313015:b
stx2A:104:AF043627:b	0	0	.	.	Original name was stx2A:104:AF043627:b
stx2A:105:AB012102:b	0	0	.	.	Original name was stx2A:105:AB012102:b
stx2A:106:AB048224:b	0	0	.	.	Original name was stx2A:106:AB048224:b
stx2A:107:AB048238:b	0	0	.	.	Original name was stx2A:107:AB048238:b
stx2A:108:AB048222:b	0	0	.	.	Original name was stx2A:108:AB048222:b
stx2A:109:AB048226:b	0	0	.	.	Original name was stx2A:109:AB048226:b
stx2A:110:AB048229:b	0	0	.	.	Original name was stx2A:110:AB048229:b
stx2A:111:AB048223:b	0	0	.	.	Original name was stx2A:111:AB048223:b
stx2A:112:AB048225:b	0	0	.	.	Original name was stx2A:112:AB048225:b
stx2A:113:GU126552	0	0	.	.	Original name was stx2A:113:GU126552
stx2A:114:AJ567997:b	0	0	.	.	Original name was stx2A:114:AJ567997:b
stx2B:1:FN252458	0	0	.	.	Original name was stx2B:1:FN252458
stx2B:2:EF584538:d	0	0	.	.	Original name was stx2B:2:EF584538:d
stx2B:3:JX206445	0	0	.	.	Original name was stx2B:3:JX206445
stx2B:4:AY633457:d	0	0	.	.	Original name was stx2B:4:AY633457:d
stx2B:5:JN193431	0	0	.	.	Original name was stx2B:5:JN193431
stx2B:6:AY633460:d	0	0	.	.	Original name was stx2B:6:AY633460:d
stx2B:7:AF479829:d	0	0	.	.	Original name was stx2B:7:AF479829:d
stx2B:8:AY443045:c	0	0	.	.	Original name was stx2B:8:AY443045:c
stx2B:9:JN193429	0	0	.	.	Original name was stx2B:9:JN193429
stx2B:10:EF441604:c	0	0	.	.	Original name was stx2B:10:EF441604:c
stx2B:11:FM998840:d	0	0	.	.	Original name was stx2B:11:FM998840:d
stx2B:12:EU086525:c	0	0	.	.	Original name was stx2B:12:EU086525:c
stx2B:13:AF461167:c	0	0	.	.	Original name was stx2B:13:AF461167:c
stx2B:14:L11079:c	0	0	.	.	Original name was stx2B:14:L11079:c
stx2B:15:AB071845:c	0	0	.	.	Original name was stx2B:15:AB071845:c
stx2B:16:AM904726:e	0	0	.	.	Original name was stx2B:16:AM904726:e
stx2B:17:AY633472:a	0	0	.	.	Original name was stx2B:17:AY633472:a
stx2B:18:EF441618:a	0	0	.	.	Original name was stx2B:18:EF441618:a
stx2B:19:EF441613:a	0	0	.	.	Original name was stx2B:19:EF441613:a
stx2B:20:JN193428	0	0	.	.	Original name was stx2B:20:JN193428
stx2B:21:AB028900:a	0	0	.	.	Original name was stx2B:21:AB028900:a
stx2B:22:AB028904:a	0	0	.	.	Original name was stx2B:22:AB028904:a
stx2B:23:AF461171:a	0	0	.	.	Original name was stx2B:23:AF461171:a
stx2B:24:AF461173:a	0	0	.	.	Original name was stx2B:24:AF461173:a
stx2B:25:EF441599:a	0	0	.	.	Original name was stx2B:25:EF441599:a
stx2B:26:EF441609:a	0	0	.	.	Original name was stx2B:26:EF441609:a
stx2B:27:AE005174:a	0	0	.	.	Original name was stx2B:27:AE005174:a
stx2B:28:AY443054:a	0	0	.	.	Original name was stx2B:28:AY443054:a
stx2B:29:FM998839:a	0	0	.	.	Original name was stx2B:29:FM998839:a
stx2B:30:GQ429163:a	0	0	.	.	Original name was stx2B:30:GQ429163:a
stx2B:31:AB028899:a	0	0	.	.	Original name was stx2B:31:AB028899:a
stx2B:32:FM998856:a	0	0	.	.	Original name was stx2B:32:FM998856:a
stx2B:33:AJ271063:c	0	0	.	.	Original name was stx2B:33:AJ271063:c
stx2B:34:AJ272135:a	0	0	.	.	Original name was stx2B:34:AJ272135:a
stx2B:35:AF525040:a	0	0	.	.	Original name was stx2B:35:AF525040:a
stx2B:36:DQ059012:d	0	0	.	.	Original name was stx2B:36:DQ059012:d
stx2B:37:AF500187:d	0	0	.	.	Original name was stx2B:37:AF500187:d
stx2B:38:AF500188:d	0	0	.	.	Original name was stx2B:38:AF500188:d
stx2B:39:FN182287:d	0	0	.	.	Original name was stx2B:39:FN182287:d
stx2B:40:AB232172:f	0	0	.	.	Original name was stx2B:40:AB232172:f
stx2B:41:AB472687:f	0	0	.	.	Original name was stx2B:41:AB472687:f
stx2B:42:AB252836:e	0	0	.	.	Original name was stx2B:42:AB252836:e
stx2B:43:GQ995452:g	0	0	.	.	Original name was stx2B:43:GQ995452:g
subA:1:FJ664545	0	0	.	.	Original name was subA:1:FJ664545
subA:2:AF399919	0	0	.	.	Original name was subA:2:AF399919
subA:3:JQ994271	0	0	.	.	Original name was subA:3:JQ994271
subA:4:JN638552	0	0	.	.	Original name was subA:4:JN638552
subA:5:AY258503	0	0	.	.	Original name was subA:5:AY258503
saa:1:AF399919	0	0	.	.	Original name was saa:1:AF399919
tccP:1:AB275121	0	0	.	.	Original name was tccP:1:AB275121
tccP:2:AB275127	0	0	.	.	Original name was tccP:2:AB275127
tccP:3:AB275123	0	0	.	.	Original name was tccP:3:AB275123
tccP:4:AB275117	0	0	.	.	Original name was tccP:4:AB275117
tccP:5:AB275122	0	0	.	.	Original name was tccP:5:AB275122
tccP:6:AB275129	0	0	.	.	Original name was tccP:6:AB275129
tccP:7:AB275134	0	0	.	.	Original name was tccP:7:AB275134
tccP:8:AB275119	0	0	.	.	Original name was tccP:8:AB275119
tccP:9:AB275115	0	0	.	.	Original name was tccP:9:AB275115
tccP:10:AB253571	0	0	.	.	Original name was tccP:10:AB253571
tccP:11:AB253567	0	0	.	.	Original name was tccP:11:AB253567
tccP:12:AB275125	0	0	.	.	Original name was tccP:12:AB275125
tccP:13:AB253581	0	0	.	.	Original name was tccP:13:AB253581
tccP:14:AB253579	0	0	.	.	Original name was tccP:14:AB253579
tccP:15:AP010958	0	0	.	.	Original name was tccP:15:AP010958
tccP:16:AB271154	0	0	.	.	Original name was tccP:16:AB271154
tccP:17:AB426050	0	0	.	.	Original name was tccP:17:AB426050
tccP:18:AB271155	0	0	.	.	Original name was tccP:18:AB271155
tccP:19:AB271153	0	0	.	.	Original name was tccP:19:AB271153
tccP:20:AP010953	0	0	.	.	Original name was tccP:20:AP010953
tccP:21:AB253560	0	0	.	.	Original name was tccP:21:AB253560
tccP:22:AB275113	0	0	.	.	Original name was tccP:22:AB275113
tccP:23:JX101866	0	0	.	.	Original name was tccP:23:JX101866
tccP:24:AB253557	0	0	.	.	Original name was tccP:24:AB253557
tccP:25:AB253559	0	0	.	.	Original name was tccP:25:AB253559
tccP:26:AB275118	0	0	.	.	Original name was tccP:26:AB275118
tccP:27:AB356001	0	0	.	.	Original name was tccP:27:AB356001
tccP:28:AB275120	0	0	.	.	Original name was tccP:28:AB275120
tccP:29:CP001368	0	0	.	.	Original name was tccP:29:CP001368
tccP:30:AB253545	0	0	.	.	Original name was tccP:30:AB253545
tccP:31:AB253537	0	0	.	.	Original name was tccP:31:AB253537
tccP:32:AB253548	0	0	.	.	Original name was tccP:32:AB253548
tccP:33:AB355997	0	0	.	.	Original name was tccP:33:AB355997
tccP:34:AB355995	0	0	.	.	Original name was tccP:34:AB355995
tir:1:AF301618	0	0	.	.	Original name was tir:1:AF301618
tir:2:AB026719	0	0	.	.	Original name was tir:2:AB026719
tir:3:AF311901	0	0	.	.	Original name was tir:3:AF311901
tir:4:FN543502	0	0	.	.	Original name was tir:4:FN543502
tir:5:AF025311	0	0	.	.	Original name was tir:5:AF025311
tir:6:DQ007024	0	0	.	.	Original name was tir:6:DQ007024
tir:7:DQ007023	0	0	.	.	Original name was tir:7:DQ007023
tir:8:AB036053	0	0	.	.	Original name was tir:8:AB036053
tir:9:AJ633129	0	0	.	.	Original name was tir:9:AJ633129
tir:10:FM986651	0	0	.	.	Original name was tir:10:FM986651
tir:11:FM986652	0	0	.	.	Original name was tir:11:FM986652
tir:12:DQ206455	0	0	.	.	Original name was tir:12:DQ206455
tir:13:AF022236	0	0	.	.	Original name was tir:13:AF022236
tir:14:AF013122	0	0	.	.	Original name was tir:14:AF013122
tir:15:AB288104	0	0	.	.	Original name was tir:15:AB288104
tir:16:AY944737	0	0	.	.	Original name was tir:16:AY944737
tir:17:AB355659	0	0	.	.	Original name was tir:17:AB355659
tir:18:EU871626	0	0	.	.	Original name was tir:18:EU871626
tir:19:EU871627	0	0	.	.	Original name was tir:19:EU871627
tir:20:AF070067	0	0	.	.	Original name was tir:20:AF070067
tir:21:AF125993	0	0	.	.	Original name was tir:21:AF125993
tir:22:EU871628	0	0	.	.	Original name was tir:22:EU871628
tir:23:HM581522	0	0	.	.	Original name was tir:23:HM581522
tir:24:CP003109	0	0	.	.	Original name was tir:24:CP003109
tir:25:DQ007019	0	0	.	.	Original name was tir:25:DQ007019
tir:26:AE005174	0	0	.	.	Original name was tir:26:AE005174
tir:27:CP001846	0	0	.	.	Original name was tir:27:CP001846
tir:28:AY944736	0	0	.	.	Original name was tir:28:AY944736
tir:29:AY944735	0	0	.	.	Original name was tir:29:AY944735
tir:30:AJ303141	0	0	.	.	Original name was tir:30:AJ303141
tir:31:AF070069	0	0	.	.	Original name was tir:31:AF070069
tir:32:AY944738	0	0	.	.	Original name was tir:32:AY944738
tir:33:AF045568	0	0	.	.	Original name was tir:33:AF045568
tir:34:AB426060	0	0	.	.	Original name was tir:34:AB426060
tir:35:AB288103	0	0	.	.	Original name was tir:35:AB288103
tir:36:AJ633130	0	0	.	.	Original name was tir:36:AJ633130
toxB:1:AB011549	0	0	.	.	Original name was toxB:1:AB011549
toxB:2:GQ259888	0	0	.	.	Original name was toxB:2:GQ259888
toxB:3:AB456530	0	0	.	.	Original name was toxB:3:AB456530
toxB:4:FJ386569	0	0	.	.	Original name was toxB:4:FJ386569
tsh:1:AF218073	0	0	.	.	Original name was tsh:1:AF218073
tsh:2:AY545598	0	0	.	.	Original name was tsh:2:AY545598
tsh:3:EU330199	0	0	.	.	Original name was tsh:3:EU330199
vat:1:X16664	0	0	.	.	Original name was vat:1:X16664
vat:2:AY151282	0	0	.	.	Original name was vat:2:AY151282
vat:3:CU928161	0	0	.	.	Original name was vat:3:CU928161
vat:4:CP001969	0	0	.	.	Original name was vat:4:CP001969
vat:5:CP001671	0	0	.	.	Original name was vat:5:CP001671
vat:6:CU651637	0	0	.	.	Original name was vat:6:CU651637
vat:7:AE014075	0	0	.	.	Original name was vat:7:AE014075
virF:1:AF348706	0	0	.	.	Original name was virF:1:AF348706
virF:2:CP000037	0	0	.	.	Original name was virF:2:CP000037
virF:3:CP001062	0	0	.	.	Original name was virF:3:CP001062
agg3A:1:AF411067	0	0	.	.	Original name was agg3A:1:AF411067
agg3A:2:HE603111	0	0	.	.	Original name was agg3A:2:HE603111
agg3B:1:AF411067	0	0	.	.	Original name was agg3B:1:AF411067
agg3C:1:AF411067	0	0	.	.	Original name was agg3C:1:AF411067
agg3C:2:TD000189-6	0	0	.	.	Original name was agg3C:2:TD000189-6
agg3C:3:ESBL-2014-0082	0	0	.	.	Original name was agg3C:3:ESBL-2014-0082
agg3C:4:SSI.AA782	0	0	.	.	Original name was agg3C:4:SSI_AA782
agg3C:5:TD48-19	0	0	.	.	Original name was agg3C:5:TD48-19
agg3C:6:55989	0	0	.	.	Original name was agg3C:6:55989
agg3C:7:SSI.AA797	0	0	.	.	Original name was agg3C:7:SSI_AA797
agg3C:8:SSI.AA800	0	0	.	.	Original name was agg3C:8:SSI_AA800
agg3C:9:SSI.AA791	0	0	.	.	Original name was agg3C:9:SSI_AA791
agg3D:1:CU928159	0	0	.	.	Original name was agg3D:1:CU928159
agg4A:1:SSI.AA799	0	0	.	.	Original name was agg4A:1:SSI_AA799
agg4A:2:AB255435	0	0	.	.	Original name was agg4A:2:AB255435
agg4A:4:SSI.AA786	0	0	.	.	Original name was agg4A:4:SSI_AA786
agg4A:5:EU637023	0	0	.	.	Original name was agg4A:5:EU637023
agg4A:6:SSI.AA803	0	0	.	.	Original name was agg4A:6:SSI_AA803
agg4B:1:EU637023	0	0	.	.	Original name was agg4B:1:EU637023
agg4B:2:AB255435	0	0	.	.	Original name was agg4B:2:AB255435
agg4C:1:AB255435	0	0	.	.	Original name was agg4C:1:AB255435
agg4C:2:TD000069-14	0	0	.	.	Original name was agg4C:2:TD000069-14
agg4C:3:EU637023	0	0	.	.	Original name was agg4C:3:EU637023
agg4C:4:SSI.AA805	0	0	.	.	Original name was agg4C:4:SSI_AA805
agg4D:1:EU637023	0	0	.	.	Original name was agg4D:1:EU637023
agg4D:2:AB255435	0	0	.	.	Original name was agg4D:2:AB255435
agg5A:1:SSI.AA789	0	0	.	.	Original name was agg5A:1:SSI_AA789
agg5A:2:102	0	0	.	.	Original name was agg5A:2:102
agg5A:3:AB571098	0	0	.	.	Original name was agg5A:3:AB571098
agg5A:4:SSI.AA796	0	0	.	.	Original name was agg5A:4:SSI_AA796
agg5A:5:SSI.AA793	0	0	.	.	Original name was agg5A:5:SSI_AA793
agg5A:6:SSI.AA800	0	0	.	.	Original name was agg5A:6:SSI_AA800
agg5A:7:AB513347	0	0	.	.	Original name was agg5A:7:AB513347
agg5A:8:SSI.AA783	0	0	.	.	Original name was agg5A:8:SSI_AA783
agg5A:9:AIHO01000017	0	0	.	.	Original name was agg5A:9:AIHO01000017
agg5A:10:SSI.AA791	0	0	.	.	Original name was agg5A:10:SSI_AA791
agg5A:11:93	0	0	.	.	Original name was agg5A:11:93
agg5A:12:JH660546	0	0	.	.	Original name was agg5A:12:JH660546
agg5A:13:ESBL.2014_0082	0	0	.	.	Original name was agg5A:13:ESBL_2014_0082
agg5A:14:SSI.AA797	0	0	.	.	Original name was agg5A:14:SSI_AA797
agg5A:15:AB571097	0	0	.	.	Original name was agg5A:15:AB571097
aggA:1:AFRH01000026	0	0	.	.	Original name was aggA:1:AFRH01000026
aggA:2:Y18149	0	0	.	.	Original name was aggA:2:Y18149
aggA:3:SSI.AA801	0	0	.	.	Original name was aggA:3:SSI_AA801
aggA:4:SSI.AA788	0	0	.	.	Original name was aggA:4:SSI_AA788
aggA:5:U12894	0	0	.	.	Original name was aggA:5:U12894
aggA:6:TD000209-18	0	0	.	.	Original name was aggA:6:TD000209-18
aggA:7:SSI.AA792	0	0	.	.	Original name was aggA:7:SSI_AA792
aggA:8:SSI.AA802	0	0	.	.	Original name was aggA:8:SSI_AA802
aggA:9:AY344586	0	0	.	.	Original name was aggA:9:AY344586
aggA:10:SSI.AA804	0	0	.	.	Original name was aggA:10:SSI_AA804
aggB:1:U12894	0	0	.	.	Original name was aggB:1:U12894
aggB:2:AFRH01000026	0	0	.	.	Original name was aggB:2:AFRH01000026
aggC:1:U12894	0	0	.	.	Original name was aggC:1:U12894
aggC:2:AFRH01000026	0	0	.	.	Original name was aggC:2:AFRH01000026
aggD:1:U12894	0	0	.	.	Original name was aggD:1:U12894
aggD:2:AFRH01000026	0	0	.	.	Original name was aggD:2:AFRH01000026
aggR:1:DIJ1	0	0	.	.	Original name was aggR:1:DIJ1
aggR:2:FN554767	0	0	.	.	Original name was aggR:2:FN554767
aggR:3:afrh01000026	0	0	.	.	Original name was aggR:3:afrh01000026
aggR:4:z18751	0	0	.	.	Original name was aggR:4:z18751
aggR:5:55989	0	0	.	.	Original name was aggR:5:55989
capU:1:CP001062	0	0	.	.	Original name was capU:1:CP001062
capU:2:CP003034	0	0	.	.	Original name was capU:2:CP003034
capU:3:CP002729	0	0	.	.	Original name was capU:3:CP002729
capU:4:CP000795	0	0	.	.	Original name was capU:4:CP000795
capU:5:CU928145	0	0	.	.	Original name was capU:5:CU928145
capU:6:FN822745	0	0	.	.	Original name was capU:6:FN822745
capU:7:FN554767	0	0	.	.	Original name was capU:7:FN554767
capU:8:AB255435	0	0	.	.	Original name was capU:8:AB255435
eilA:1:FN554766	0	0	.	.	Original name was eilA:1:FN554766
eilA:2:CP003034	0	0	.	.	Original name was eilA:2:CP003034
eilA:3:CP000970	0	0	.	.	Original name was eilA:3:CP000970
ORF3:1:FN554767	0	0	.	.	Original name was ORF3:1:FN554767
ORF3:2:HE610901	0	0	.	.	Original name was ORF3:2:HE610901
ORF3:3:CU928159	0	0	.	.	Original name was ORF3:3:CU928159
ORF4:1:AB255435	0	0	.	.	Original name was ORF4:1:AB255435
ORF4:2:AFRH01000026	0	0	.	.	Original name was ORF4:2:AFRH01000026
ORF4:3:FN554767	0	0	.	.	Original name was ORF4:3:FN554767
aafA:1:AB571093	0	0	.	.	Original name was aafA:1:AB571093
aafA:2:AB571096	0	0	.	.	Original name was aafA:2:AB571096
aafA:3:AB571091	0	0	.	.	Original name was aafA:3:AB571091
aafA:4:AF012835	0	0	.	.	Original name was aafA:4:AF012835
aafA:5:TD000088-19	0	0	.	.	Original name was aafA:5:TD000088-19
aafA:6:AB571095	0	0	.	.	Original name was aafA:6:AB571095
aafA:7:AB571094	0	0	.	.	Original name was aafA:7:AB571094
aafA:8:FN554767	0	0	.	.	Original name was aafA:8:FN554767
aafB:1:FN554767	0	0	.	.	Original name was aafB:1:FN554767
aafC:1:AF114828	0	0	.	.	Original name was aafC:1:AF114828
aafD:1:FN554767	0	0	.	.	Original name was aafD:1:FN554767
aaiC:1:KF678353	0	0	.	.	Original name was aaiC:1:KF678353
aaiC:2:FN554766	0	0	.	.	Original name was aaiC:2:FN554766
aaiC:3:cp003301	0	0	.	.	Original name was aaiC:3:cp003301
aaiC:4:SSI.AA790	0	0	.	.	Original name was aaiC:4:SSI_AA790
aap:1:AB255435	0	0	.	.	Original name was aap:1:AB255435
aap:2:Z32523	0	0	.	.	Original name was aap:2:Z32523
aap:3:FN554767	0	0	.	.	Original name was aap:3:FN554767
aar:1:CU98159	0	0	.	.	Original name was aar:1:CU98159
aar:4:042	0	0	.	.	Original name was aar:4:042
aar:5:SSI.AA795	0	0	.	.	Original name was aar:5:SSI_AA795
aar:6:SSI.AA798	0	0	.	.	Original name was aar:6:SSI_AA798
aar:7:SSI.AA785	0	0	.	.	Original name was aar:7:SSI_AA785
aar:8:H131941065	0	0	.	.	Original name was aar:8:H131941065
aar:9:SSI.AA794	0	0	.	.	Original name was aar:9:SSI_AA794
aar:10:SSI.AA787	0	0	.	.	Original name was aar:10:SSI_AA787
aar:11:SSI.AA797	0	0	.	.	Original name was aar:11:SSI_AA797
aar:12:SSI.AA784	0	0	.	.	Original name was aar:12:SSI_AA784
aatA:1:AB255435	0	0	.	.	Original name was aatA:1:AB255435
aatA:2:AFRH01000026	0	0	.	.	Original name was aatA:2:AFRH01000026
aatA:3:FN554767	0	0	.	.	Original name was aatA:3:FN554767
aatA:4:CU928159	0	0	.	.	Original name was aatA:4:CU928159
air:1:FN554766	0	0	.	.	Original name was air:1:FN554766
air:2:CU928163	0	0	.	.	Original name was air:2:CU928163
air:3:CP000970	0	0	.	.	Original name was air:3:CP000970
air:4:CP003034	0	0	.	.	Original name was air:4:CP003034
ActA:1:NC.003210.1	0	0	.	.	Original name was ActA:1:NC_003210.1
AgrA:1:NC.003210.1	0	0	.	.	Original name was AgrA:1:NC_003210.1
Ami:1:NC.003210.1	0	0	.	.	Original name was Ami:1:NC_003210.1
Aut:1:nc.003210.1	0	0	.	.	Original name was Aut:1:nc_003210.1
biLE:1:NC.003210.1	0	0	.	.	Original name was biLE:1:NC_003210.1
bsh:1:NC.003210.1	0	0	.	.	Original name was bsh:1:NC_003210.1
btlB:1:NC.003210.1	0	0	.	.	Original name was btlB:1:NC_003210.1
chiA:1:NC.003210.1	0	0	.	.	Original name was chiA:1:NC_003210.1
clpB:1:NC.003210.1	0	0	.	.	Original name was clpB:1:NC_003210.1
clpc:1:NC.003210.1	0	0	.	.	Original name was clpc:1:NC_003210.1
clpe:1:NC.003210.1	0	0	.	.	Original name was clpe:1:NC_003210.1
clpp:1:NC.003210.1	0	0	.	.	Original name was clpp:1:NC_003210.1
codY:1:NC.003210.1	0	0	.	.	Original name was codY:1:NC_003210.1
ctaP:1:NC.003210.1	0	0	.	.	Original name was ctaP:1:NC_003210.1
ctsR:1:NC.003210.1	0	0	.	.	Original name was ctsR:1:NC_003210.1
dal:1:NC.003210.1	0	0	.	.	Original name was dal:1:NC_003210.1
degU:1:NC.003210.1	0	0	.	.	Original name was degU:1:NC_003210.1
dltA:1:NC.003210.1	0	0	.	.	Original name was dltA:1:NC_003210.1
Eut.operon:1:NC_003210.1	0	0	.	.	Original name was Eut_operon:1:NC_003210.1
fbpA:1:NC.003210.1	0	0	.	.	Original name was fbpA:1:NC_003210.1
FlaA:1:NC.003210.1	0	0	.	.	Original name was FlaA:1:NC_003210.1
FlgE:1:NC.003210.1	0	0	.	.	Original name was FlgE:1:NC_003210.1
FlgC:1:NC.003210.1	0	0	.	.	Original name was FlgC:1:NC_003210.1
fri:1:NC.003210.1	0	0	.	.	Original name was fri:1:NC_003210.1
fur:1:NC.003210.1	0	0	.	.	Original name was fur:1:NC_003210.1
GadA:1:NC.003210.1	0	0	.	.	Original name was GadA:1:NC_003210.1
GadB:1:NC.003210.1	0	0	.	.	Original name was GadB:1:NC_003210.1
GadC:1:NC.003210.1	0	0	.	.	Original name was GadC:1:NC_003210.1
Gmar:1:NC.017537.1	0	0	.	.	Original name was Gmar:1:NC_017537.1
gtcA:1:NC.003210.1	0	0	.	.	Original name was gtcA:1:NC_003210.1
hfq:1:NC.003210.1	0	0	.	.	Original name was hfq:1:NC_003210.1
hly:1:NC.003210.1	0	0	.	.	Original name was hly:1:NC_003210.1
hupC:1:NC.003210.1	0	0	.	.	Original name was hupC:1:NC_003210.1
uHpt:1:NC.003210.1	0	0	.	.	Original name was uHpt:1:NC_003210.1
htrA:1:NC.003210.1	0	0	.	.	Original name was htrA:1:NC_003210.1
iap:1:NC.003210.1	0	0	.	.	Original name was iap:1:NC_003210.1
inlA:1:NC.003210.1	0	0	.	.	Original name was inlA:1:NC_003210.1
inlB:1:NC.003210.1	0	0	.	.	Original name was inlB:1:NC_003210.1
inlC:1:NC.003210.1	0	0	.	.	Original name was inlC:1:NC_003210.1
inlF:1:NC.003210.1	0	0	.	.	Original name was inlF:1:NC_003210.1
inlH:1:NC.003210.1	0	0	.	.	Original name was inlH:1:NC_003210.1
inlJ:1:NC.003210.1	0	0	.	.	Original name was inlJ:1:NC_003210.1
inlk:1:NC.003210.1	0	0	.	.	Original name was inlk:1:NC_003210.1
Lap:1:NC.003210.1	0	0	.	.	Original name was Lap:1:NC_003210.1
LapB:1:NC.003210.1	0	0	.	.	Original name was LapB:1:NC_003210.1
lhrC:1:NC.003210.1	0	0	.	.	Original name was lhrC:1:NC_003210.1
lgt:1:NC.003210.1	0	0	.	.	Original name was lgt:1:NC_003210.1
lipA:1:NC.003210.1	0	0	.	.	Original name was lipA:1:NC_003210.1
lisR:1:NC.003210.1	0	0	.	.	Original name was lisR:1:NC_003210.1
lisK:1:NC.003210.1	0	0	.	.	Original name was lisK:1:NC_003210.1
lmo0514:1:NC.003210.1	0	0	.	.	Original name was lmo0514:1:NC_003210.1
lmo0610:1:NC.003210.1	0	0	.	.	Original name was lmo0610:1:NC_003210.1
lmo2026:1:NC.003210.1	0	0	.	.	Original name was lmo2026:1:NC_003210.1
lmo2085:1:NC.003210.1	0	0	.	.	Original name was lmo2085:1:NC_003210.1
lntA:1:NC.003210.1	0	0	.	.	Original name was lntA:1:NC_003210.1
lpeA:1:NC.003210.1	0	0	.	.	Original name was lpeA:1:NC_003210.1
lplA1:1:NC.003210.1	0	0	.	.	Original name was lplA1:1:NC_003210.1
lsp:1:NC.003210.1	0	0	.	.	Original name was lsp:1:NC_003210.1
mogR:1:NC.003210.1	0	0	.	.	Original name was mogR:1:NC_003210.1
mpl:1:NC.003210.1	0	0	.	.	Original name was mpl:1:NC_003210.1
mprf:1:NC.003210.1	0	0	.	.	Original name was mprf:1:NC_003210.1
murA:1:NC.003210.1	0	0	.	.	Original name was murA:1:NC_003210.1
OatA:1:NC.003210.1	0	0	.	.	Original name was OatA:1:NC_003210.1
OppA:1:NC.003210.1	0	0	.	.	Original name was OppA:1:NC_003210.1
OrfX:1:NC.003210.1	0	0	.	.	Original name was OrfX:1:NC_003210.1
OrfZ:1:NC.003210.1	0	0	.	.	Original name was OrfZ:1:NC_003210.1
perR:1:NC.003210.1	0	0	.	.	Original name was perR:1:NC_003210.1
pgdA:1:NC.003210.1	0	0	.	.	Original name was pgdA:1:NC_003210.1
pgl:1:NC.003210.1	0	0	.	.	Original name was pgl:1:NC_003210.1
plcA:1:NC.003210.1	0	0	.	.	Original name was plcA:1:NC_003210.1
plcB:1:NC.003210.1	0	0	.	.	Original name was plcB:1:NC_003210.1
prfA:1:NC.003210.1	0	0	.	.	Original name was prfA:1:NC_003210.1
prsA2:1:NC.003210.1	0	0	.	.	Original name was prsA2:1:NC_003210.1
pycA:1:NC.003210.1	0	0	.	.	Original name was pycA:1:NC_003210.1
recA:1:NC.003210.1	0	0	.	.	Original name was recA:1:NC_003210.1
relA:1:NC.003210.1	0	0	.	.	Original name was relA:1:NC_003210.1
Rli55:1:NC.003210.1	0	0	.	.	Original name was Rli55:1:NC_003210.1
Rli60:1:NC.003210.1	0	0	.	.	Original name was Rli60:1:NC_003210.1
Rsbv:1:NC.003210.1	0	0	.	.	Original name was Rsbv:1:NC_003210.1
secA2:1:NC.003210.1	0	0	.	.	Original name was secA2:1:NC_003210.1
sigB:1:NC.003210.1	0	0	.	.	Original name was sigB:1:NC_003210.1
sipX:1:NC.003210.1	0	0	.	.	Original name was sipX:1:NC_003210.1
sipZ:1:NC.003210.1	0	0	.	.	Original name was sipZ:1:NC_003210.1
sod:1:NC.003210.1	0	0	.	.	Original name was sod:1:NC_003210.1
srtA:1:NC.003210.1	0	0	.	.	Original name was srtA:1:NC_003210.1
srtB:1:NC.018642.1	0	0	.	.	Original name was srtB:1:NC_018642.1
stp:1:NC.003210.1	0	0	.	.	Original name was stp:1:NC_003210.1
svpA:1:NC.003210.1	0	0	.	.	Original name was svpA:1:NC_003210.1
tcsA:1:NC.003210.1	0	0	.	.	Original name was tcsA:1:NC_003210.1
tig:1:NC.003210.1	0	0	.	.	Original name was tig:1:NC_003210.1
vip:1:NC.003210.1	0	0	.	.	Original name was vip:1:NC_003210.1
virR:1:NC.003210.1	0	0	.	.	Original name was virR:1:NC_003210.1
scn:1:AP009351.1	0	0	.	.	Original name was scn:1:AP009351.1
scn:2:LC032460.1	0	0	.	.	Original name was scn:2:LC032460.1
scn:3:KF831354.1	0	0	.	.	Original name was scn:3:KF831354.1
sak:1:BA000018.3	0	0	.	.	Original name was sak:1:BA000018.3
sak:2:BA000017.4	0	0	.	.	Original name was sak:2:BA000017.4
sak:3:BA000033.2	0	0	.	.	Original name was sak:3:BA000033.2
sak:4:CP000253.1	0	0	.	.	Original name was sak:4:CP000253.1
sak:5:CP007447.1	0	0	.	.	Original name was sak:5:CP007447.1
sak:6:AP014942.1	0	0	.	.	Original name was sak:6:AP014942.1
sak:7:CP009554.1	0	0	.	.	Original name was sak:7:CP009554.1
sak:8:CP003979.1	0	0	.	.	Original name was sak:8:CP003979.1
sak:9:HE681097.1	0	0	.	.	Original name was sak:9:HE681097.1
ACME:1:KC879557.1	0	0	.	.	Original name was ACME:1:KC879557.1
ACME:2:KC879558.1	0	0	.	.	Original name was ACME:2:KC879558.1
ACME:3:AB687558.1	0	0	.	.	Original name was ACME:3:AB687558.1
ACME:4:FR753166.1	0	0	.	.	Original name was ACME:4:FR753166.1
ACME:5:AB665981.1	0	0	.	.	Original name was ACME:5:AB665981.1
ACME:6:KF234240.1	0	0	.	.	Original name was ACME:6:KF234240.1
ACME:7:KF175393.1	0	0	.	.	Original name was ACME:7:KF175393.1
stx1:1:M24352:1	0	0	.	.	Original name was stx1:1:M24352:1
stx1:3:M19437:3	0	0	.	.	Original name was stx1:3:M19437:3
stx1:4:L04539:4	0	0	.	.	Original name was stx1:4:L04539:4
stx1:5:Z36900:5	0	0	.	.	Original name was stx1:5:Z36900:5
stx1:6:AB083044:6	0	0	.	.	Original name was stx1:6:AB083044:6
stx1:7:AB035142:7	0	0	.	.	Original name was stx1:7:AB035142:7
stx1:8:AM230663:8	0	0	.	.	Original name was stx1:8:AM230663:8
stx1:9:AM230662:9	0	0	.	.	Original name was stx1:9:AM230662:9
stx1:10:AJ279086:10	0	0	.	.	Original name was stx1:10:AJ279086:10
stx1:11:Z36899:11	0	0	.	.	Original name was stx1:11:Z36899:11
stx1:12:AF461168:12	0	0	.	.	Original name was stx1:12:AF461168:12
stx1:13:M19473:13	0	0	.	.	Original name was stx1:13:M19473:13
stx1:14:AB048232:14	0	0	.	.	Original name was stx1:14:AB048232:14
stx1:15:AB071620:15	0	0	.	.	Original name was stx1:15:AB071620:15
stx1:16:AB048237:16	0	0	.	.	Original name was stx1:16:AB048237:16
stx1:17:AB071622:17	0	0	.	.	Original name was stx1:17:AB071622:17
stx1:18:AB071624:18	0	0	.	.	Original name was stx1:18:AB071624:18
stx1:19:DQ449666:19	0	0	.	.	Original name was stx1:19:DQ449666:19
stx1:20:Z36901:20	0	0	.	.	Original name was stx1:20:Z36901:20
stx1:21:AB050958:21	0	0	.	.	Original name was stx1:21:AB050958:21
stx1:22:AB050959:22	0	0	.	.	Original name was stx1:22:AB050959:22
stx1:23:AY986980:23	0	0	.	.	Original name was stx1:23:AY986980:23
stx1:24:AY170851:24	0	0	.	.	Original name was stx1:24:AY170851:24
stx2:1:FM998851:1	0	0	.	.	Original name was stx2:1:FM998851:1
stx2:2:AY443054:2	0	0	.	.	Original name was stx2:2:AY443054:2
stx2:3:GQ429162:3	0	0	.	.	Original name was stx2:3:GQ429162:3
stx2:4:FM998852:4	0	0	.	.	Original name was stx2:4:FM998852:4
stx2:5:GQ429163:5	0	0	.	.	Original name was stx2:5:GQ429163:5
stx2:6:GQ429168:6	0	0	.	.	Original name was stx2:6:GQ429168:6
stx2:7:FM998854:7	0	0	.	.	Original name was stx2:7:FM998854:7
stx2:8:FM998861:8	0	0	.	.	Original name was stx2:8:FM998861:8
stx2:9:FM998839:9	0	0	.	.	Original name was stx2:9:FM998839:9
stx2:10:Z37725:10	0	0	.	.	Original name was stx2:10:Z37725:10
stx2:11:FM998842:11	0	0	.	.	Original name was stx2:11:FM998842:11
stx2:12:Z50754:12	0	0	.	.	Original name was stx2:12:Z50754:12
stx2:13:AY443052:13	0	0	.	.	Original name was stx2:13:AY443052:13
stx2:14:AJ272135:14	0	0	.	.	Original name was stx2:14:AJ272135:14
stx2:15:AF524944:15	0	0	.	.	Original name was stx2:15:AF524944:15
stx2:16:FM998856:16	0	0	.	.	Original name was stx2:16:FM998856:16
stx2:17:FM998858:17	0	0	.	.	Original name was stx2:17:FM998858:17
stx2:18:EF441619:18	0	0	.	.	Original name was stx2:18:EF441619:18
stx2:19:AY633459:19	0	0	.	.	Original name was stx2:19:AY633459:19
stx2:20:GQ429170:20	0	0	.	.	Original name was stx2:20:GQ429170:20
stx2:21:AF461171:21	0	0	.	.	Original name was stx2:21:AF461171:21
stx2:22:AY443057:22	0	0	.	.	Original name was stx2:22:AY443057:22
stx2:23:AF461173:23	0	0	.	.	Original name was stx2:23:AF461173:23
stx2:24:AB030484:24	0	0	.	.	Original name was stx2:24:AB030484:24
stx2:25:AY633472:25	0	0	.	.	Original name was stx2:25:AY633472:25
stx2:26:EF441613:26	0	0	.	.	Original name was stx2:26:EF441613:26
stx2:27:AY633471:27	0	0	.	.	Original name was stx2:27:AY633471:27
stx2:28:DQ344636:28	0	0	.	.	Original name was stx2:28:DQ344636:28
stx2:29:EF441609:29	0	0	.	.	Original name was stx2:29:EF441609:29
stx2:30:EF441599:30	0	0	.	.	Original name was stx2:30:EF441599:30
stx2:31:X07865:31	0	0	.	.	Original name was stx2:31:X07865:31
stx2:32:EF441618:32	0	0	.	.	Original name was stx2:32:EF441618:32
stx2:33:EF441604:33	0	0	.	.	Original name was stx2:33:EF441604:33
stx2:34:AY443044:34	0	0	.	.	Original name was stx2:34:AY443044:34
stx2:35:L11079:35	0	0	.	.	Original name was stx2:35:L11079:35
stx2:36:M59432:36	0	0	.	.	Original name was stx2:36:M59432:36
stx2:37:FM177471:37	0	0	.	.	Original name was stx2:37:FM177471:37
stx2:38:AF500189:38	0	0	.	.	Original name was stx2:38:AF500189:38
stx2:39:AY443043:39	0	0	.	.	Original name was stx2:39:AY443043:39
stx2:40:EU086525:40	0	0	.	.	Original name was stx2:40:EU086525:40
stx2:41:AM982821:41	0	0	.	.	Original name was stx2:41:AM982821:41
stx2:42:AY633464:42	0	0	.	.	Original name was stx2:42:AY633464:42
stx2:43:AY633473:43	0	0	.	.	Original name was stx2:43:AY633473:43
stx2:44:AY633453:44	0	0	.	.	Original name was stx2:44:AY633453:44
stx2:45:AY633467:45	0	0	.	.	Original name was stx2:45:AY633467:45
stx2:46:AY633469:46	0	0	.	.	Original name was stx2:46:AY633469:46
stx2:47:AY739671:47	0	0	.	.	Original name was stx2:47:AY739671:47
stx2:48:DQ235774:48	0	0	.	.	Original name was stx2:48:DQ235774:48
stx2:49:AB071845:49	0	0	.	.	Original name was stx2:49:AB071845:49
stx2:50:AF461167:50	0	0	.	.	Original name was stx2:50:AF461167:50
stx2:51:AF291819:51	0	0	.	.	Original name was stx2:51:AF291819:51
stx2:52:AB015057:52	0	0	.	.	Original name was stx2:52:AB015057:52
stx2:53:AY443045:53	0	0	.	.	Original name was stx2:53:AY443045:53
stx2:54:AY633470:54	0	0	.	.	Original name was stx2:54:AY633470:54
stx2:55:AY443049:55	0	0	.	.	Original name was stx2:55:AY443049:55
stx2:56:FM998860:56	0	0	.	.	Original name was stx2:56:FM998860:56
stx2:57:AY443047:57	0	0	.	.	Original name was stx2:57:AY443047:57
stx2:58:AF479828:58	0	0	.	.	Original name was stx2:58:AF479828:58
stx2:59:GQ429172:59	0	0	.	.	Original name was stx2:59:GQ429172:59
stx2:60:AY633457:60	0	0	.	.	Original name was stx2:60:AY633457:60
stx2:61:AY633458:61	0	0	.	.	Original name was stx2:61:AY633458:61
stx2:62:AY443048:62	0	0	.	.	Original name was stx2:62:AY443048:62
stx2:63:FM998848:63	0	0	.	.	Original name was stx2:63:FM998848:63
stx2:64:AF500191:64	0	0	.	.	Original name was stx2:64:AF500191:64
stx2:65:EF441621:65	0	0	.	.	Original name was stx2:65:EF441621:65
stx2:66:FM99884:66	0	0	.	.	Original name was stx2:66:FM99884:66
stx2:67:AF500190:67	0	0	.	.	Original name was stx2:67:AF500190:67
stx2:68:DQ235775:68	0	0	.	.	Original name was stx2:68:DQ235775:68
stx2:69:AF479829:69	0	0	.	.	Original name was stx2:69:AF479829:69
stx2:70:AY739671:70	0	0	.	.	Original name was stx2:70:AY739671:70
stx2:71:EU816447:71	0	0	.	.	Original name was stx2:71:EU816447:71
stx2:72:X61283:72	0	0	.	.	Original name was stx2:72:X61283:72
stx2:73:EF441605:73	0	0	.	.	Original name was stx2:73:EF441605:73
stx2:74:EF584538:74	0	0	.	.	Original name was stx2:74:EF584538:74
stx2:75:AF329817:75	0	0	.	.	Original name was stx2:75:AF329817:75
stx2:76:AF500192:76	0	0	.	.	Original name was stx2:76:AF500192:76
stx2:77:AY095209:77	0	0	.	.	Original name was stx2:77:AY095209:77
stx2:78:DQ059012:78	0	0	.	.	Original name was stx2:78:DQ059012:78
stx2:79:SNS:79	0	0	.	.	Original name was stx2:79:SNS:79
stx2:80:FN182287:80	0	0	.	.	Original name was stx2:80:FN182287:80
stx2:81:FM998855:81	0	0	.	.	Original name was stx2:81:FM998855:81
stx2:82:AB012102:82	0	0	.	.	Original name was stx2:82:AB012102:82
stx2:83:AB048228:83	0	0	.	.	Original name was stx2:83:AB048228:83
stx2:84:AB048238:84	0	0	.	.	Original name was stx2:84:AB048238:84
stx2:85:AB048224:85	0	0	.	.	Original name was stx2:85:AB048224:85
stx2:86:AB048223:86	0	0	.	.	Original name was stx2:86:AB048223:86
stx2:87:AB048229:87	0	0	.	.	Original name was stx2:87:AB048229:87
stx2:88:AB012101:88	0	0	.	.	Original name was stx2:88:AB012101:88
stx2:89:AB048226:89	0	0	.	.	Original name was stx2:89:AB048226:89
stx2:90:AB048225:90	0	0	.	.	Original name was stx2:90:AB048225:90
stx2:91:AJ313015:91	0	0	.	.	Original name was stx2:91:AJ313015:91
stx2:92:AF043627:92	0	0	.	.	Original name was stx2:92:AF043627:92
stx2:93:AJ567997:93	0	0	.	.	Original name was stx2:93:AJ567997:93
stx2:94:EF441616:94	0	0	.	.	Original name was stx2:94:EF441616:94
stx2:95:AJ567995:95	0	0	.	.	Original name was stx2:95:AJ567995:95
stx2:96:L11078:96	0	0	.	.	Original name was stx2:96:L11078:96
stx2:97:X65949:97	0	0	.	.	Original name was stx2:97:X65949:97
stx2:98:AM904726:98	0	0	.	.	Original name was stx2:98:AM904726:98
stx2:99:AB048227:99	0	0	.	.	Original name was stx2:99:AB048227:99
stx2:100:AY286000:100	0	0	.	.	Original name was stx2:100:AY286000:100
stx2:101:AB048236:101	0	0	.	.	Original name was stx2:101:AB048236:101
stx2:102:AJ966783:102	0	0	.	.	Original name was stx2:102:AJ966783:102
stx2:103:AB472687:103	0	0	.	.	Original name was stx2:103:AB472687:103
stx2:104:AJ010730:104	0	0	.	.	Original name was stx2:104:AJ010730:104
stx2:105:M29153:105	0	0	.	.	Original name was stx2:105:M29153:105
stx2:106:X81418:106	0	0	.	.	Original name was stx2:106:X81418:106
stx2:107:AJ313016:107	0	0	.	.	Original name was stx2:107:AJ313016:107
stx2:108:FM998844:108	0	0	.	.	Original name was stx2:108:FM998844:108
stx2:109:U72191:109	0	0	.	.	Original name was stx2:109:U72191:109
stx2:110:M21534:110	0	0	.	.	Original name was stx2:110:M21534:110
stx2:111:X81417:111	0	0	.	.	Original name was stx2:111:X81417:111
stx2:112:X81415:112	0	0	.	.	Original name was stx2:112:X81415:112
stx2:113:X81416:113	0	0	.	.	Original name was stx2:113:X81416:113
stx2:114:FN182286:114	0	0	.	.	Original name was stx2:114:FN182286:114
stx2:115:FM998846:115	0	0	.	.	Original name was stx2:115:FM998846:115
stx2:116:AY368993:116	0	0	.	.	Original name was stx2:116:AY368993:116
stx2:117:AM939642:117	0	0	.	.	Original name was stx2:117:AM939642:117
stx2:118:FM998838:118	0	0	.	.	Original name was stx2:118:FM998838:118
stx2:119:AY332411:119	0	0	.	.	Original name was stx2:119:AY332411:119
stx2:120:AJ567998:120	0	0	.	.	Original name was stx2:120:AJ567998:120
stx2:121:AJ249351:121	0	0	.	.	Original name was stx2:121:AJ249351:121
aur:1:BA000018.3	0	0	.	.	Original name was aur:1:BA000018.3
aur:2:CP011147.1	0	0	.	.	Original name was aur:2:CP011147.1
aur:3:BA000033.2	0	0	.	.	Original name was aur:3:BA000033.2
aur:4:AJ938182.1	0	0	.	.	Original name was aur:4:AJ938182.1
aur:5:AP014942.1	0	0	.	.	Original name was aur:5:AP014942.1
aur:6:FR821779.1	0	0	.	.	Original name was aur:6:FR821779.1
aur:7:CP002114.2	0	0	.	.	Original name was aur:7:CP002114.2
aur:8:AP014942.1	0	0	.	.	Original name was aur:8:AP014942.1
aur:9:AP014653.1	0	0	.	.	Original name was aur:9:AP014653.1
aur:10:CP006630.1	0	0	.	.	Original name was aur:10:CP006630.1
aur:11:CP006706.1	0	0	.	.	Original name was aur:11:CP006706.1
aur:12:HE681097.1	0	0	.	.	Original name was aur:12:HE681097.1
aur:13:CP003808.1	0	0	.	.	Original name was aur:13:CP003808.1
aur:14:CP009554.1	0	0	.	.	Original name was aur:14:CP009554.1
aur:15:CP009681.1	0	0	.	.	Original name was aur:15:CP009681.1
aur:16:CP007447.1	0	0	.	.	Original name was aur:16:CP007447.1
splA:1:BA000018.3	0	0	.	.	Original name was splA:1:BA000018.3
splA:2:HE579073.1	0	0	.	.	Original name was splA:2:HE579073.1
splA:3:CP003194.1	0	0	.	.	Original name was splA:3:CP003194.1
splA:4:AP014653.1	0	0	.	.	Original name was splA:4:AP014653.1
splA:5:AP014942.1	0	0	.	.	Original name was splA:5:AP014942.1
splA:6:BA000033.2	0	0	.	.	Original name was splA:6:BA000033.2
splA:7:CP007539.1	0	0	.	.	Original name was splA:7:CP007539.1
splA:8:CP006706.1	0	0	.	.	Original name was splA:8:CP006706.1
splA:9:FR821779.1	0	0	.	.	Original name was splA:9:FR821779.1
splA:10:CP003194.1	0	0	.	.	Original name was splA:10:CP003194.1
splA:11:CP003194.1	0	0	.	.	Original name was splA:11:CP003194.1
splB:1:BA000018.3	0	0	.	.	Original name was splB:1:BA000018.3
splB:2:AP014942.1	0	0	.	.	Original name was splB:2:AP014942.1
splB:3:FR821779.1	0	0	.	.	Original name was splB:3:FR821779.1
splB:4:CP006706.1	0	0	.	.	Original name was splB:4:CP006706.1
splE:1:BX571856.1	0	0	.	.	Original name was splE:1:BX571856.1
splE:2:AP014942.1	0	0	.	.	Original name was splE:2:AP014942.1
splE:3:AP009351.1	0	0	.	.	Original name was splE:3:AP009351.1
splE:4:CP007674.1	0	0	.	.	Original name was splE:4:CP007674.1
camE:1:AF435442.1	0	0	.	.	Original name was camE:1:AF435442.1
camE:2:AF435439.1	0	0	.	.	Original name was camE:2:AF435439.1
camE:3:AF435438.1	0	0	.	.	Original name was camE:3:AF435438.1
camE:4:AF435437.1	0	0	.	.	Original name was camE:4:AF435437.1
camE:5:AF435441.1	0	0	.	.	Original name was camE:5:AF435441.1
camE:6:AF435440.1	0	0	.	.	Original name was camE:6:AF435440.1
agg:1:AF454824.1	0	0	.	.	Original name was agg:1:AF454824.1
agg:2:CP002493.1	0	0	.	.	Original name was agg:2:CP002493.1
fsrB:1:JN246675.1	0	0	.	.	Original name was fsrB:1:JN246675.1
fsrB:2:CP002621.1	0	0	.	.	Original name was fsrB:2:CP002621.1
fsrB:3:AE016830.1	0	0	.	.	Original name was fsrB:3:AE016830.1
fsrB:4:FJ858146.1	0	0	.	.	Original name was fsrB:4:FJ858146.1
ace:1:AF260872.1	0	0	.	.	Original name was ace:1:AF260872.1
ace:2:AF260873.1	0	0	.	.	Original name was ace:2:AF260873.1
ace:3:AE016830.1	0	0	.	.	Original name was ace:3:AE016830.1
ace:4:AF260874.1	0	0	.	.	Original name was ace:4:AF260874.1
ace:5:AF260877.1	0	0	.	.	Original name was ace:5:AF260877.1
ace:6:AF260876.1	0	0	.	.	Original name was ace:6:AF260876.1
ace:7:AF260879.1	0	0	.	.	Original name was ace:7:AF260879.1
ace:8:AF260878.1	0	0	.	.	Original name was ace:8:AF260878.1
cylA:1:AD1CLYL	0	0	.	.	Original name was cylA:1:AD1CLYL
cylA:2:AY032999.1	0	0	.	.	Original name was cylA:2:AY032999.1
cylA:3:AF329367.1	0	0	.	.	Original name was cylA:3:AF329367.1
cylM:1:AD1CLYL	0	0	.	.	Original name was cylM:1:AD1CLYL
cylM:2:AY032999.1	0	0	.	.	Original name was cylM:2:AY032999.1
cylM:3:AE016830.1	0	0	.	.	Original name was cylM:3:AE016830.1
cylB:1:AD1CLYL	0	0	.	.	Original name was cylB:1:AD1CLYL
cylB:2:AY032999.1	0	0	.	.	Original name was cylB:2:AY032999.1
cylL:1:AY032999.1	0	0	.	.	Original name was cylL:1:AY032999.1
efaAfm:1:AF042288.1	0	0	.	.	Original name was efaAfm:1:AF042288.1
efaAfs:1:EFU03756	0	0	.	.	Original name was efaAfs:1:EFU03756
efaAfs:2:AE016830.1	0	0	.	.	Original name was efaAfs:2:AE016830.1
gelE:1:355320029	0	0	.	.	Original name was gelE:1:355320029
gelE:2:CP002621.1	0	0	.	.	Original name was gelE:2:CP002621.1
gelE:3:M37185.1	0	0	.	.	Original name was gelE:3:M37185.1
gelE:4:CP002491.1	0	0	.	.	Original name was gelE:4:CP002491.1
gelE:5:EF105504.1	0	0	.	.	Original name was gelE:5:EF105504.1
gelE:6:AE016830.1	0	0	.	.	Original name was gelE:6:AE016830.1
gelE:8:FP929058.1	0	0	.	.	Original name was gelE:8:FP929058.1
espfs:2:AF034779.1	0	0	.	.	Original name was espfs:2:AF034779.1
espfs:3:AY032999.1	0	0	.	.	Original name was espfs:3:AY032999.1
espfs:4:AF454824.1	0	0	.	.	Original name was espfs:4:AF454824.1
espfs:5:AF329367.1	0	0	.	.	Original name was espfs:5:AF329367.1
espfm:1:CP003351.1	0	0	.	.	Original name was espfm:1:CP003351.1
espfm:2:25187962	0	0	.	.	Original name was espfm:2:25187962
hylEfm:1:HM043744.1	0	0	.	.	Original name was hylEfm:1:HM043744.1
hylEfm:2:HM565216.1	0	0	.	.	Original name was hylEfm:2:HM565216.1
cad:1:CP002621.1	0	0	.	.	Original name was cad:1:CP002621.1
cad:2:AF421355.1	0	0	.	.	Original name was cad:2:AF421355.1
cad:3:AE016830.1	0	0	.	.	Original name was cad:3:AE016830.1
cCF10:1:AE016830.1	0	0	.	.	Original name was cCF10:1:AE016830.1
cCF10:2:CP002621.1	0	0	.	.	Original name was cCF10:2:CP002621.1
cCF10:3:CP002491.1	0	0	.	.	Original name was cCF10:3:CP002491.1
cOB1:1:AE016830.1	0	0	.	.	Original name was cOB1:1:AE016830.1
cOB1:2:CP002621.1	0	0	.	.	Original name was cOB1:2:CP002621.1
cOB1:3:CP002491.1	0	0	.	.	Original name was cOB1:3:CP002491.1
cOB1:4:295112306	0	0	.	.	Original name was cOB1:4:295112306
acm:1:CP003351.1	0	0	.	.	Original name was acm:1:CP003351.1
hylB:1:AE016830.1	0	0	.	.	Original name was hylB:1:AE016830.1
hylB:2:295112306	0	0	.	.	Original name was hylB:2:295112306
hylB:3:CP002621.1	0	0	.	.	Original name was hylB:3:CP002621.1
hylA:1:AE016830.1	0	0	.	.	Original name was hylA:1:AE016830.1
hylA:2:CP002621.1	0	0	.	.	Original name was hylA:2:CP002621.1
hylA:3:CP002491.1	0	0	.	.	Original name was hylA:3:CP002491.1
ebpA:1:AE016830.1	0	0	.	.	Original name was ebpA:1:AE016830.1
ebpA:2:CP002491.1	0	0	.	.	Original name was ebpA:2:CP002491.1
ebpA:3:295112306	0	0	.	.	Original name was ebpA:3:295112306
ebpA:4:CP002621.1	0	0	.	.	Original name was ebpA:4:CP002621.1
ebpB:1:AE016830.1	0	0	.	.	Original name was ebpB:1:AE016830.1
ebpB:2:CP002491.1	0	0	.	.	Original name was ebpB:2:CP002491.1
ebpB:3:295112306	0	0	.	.	Original name was ebpB:3:295112306
ebpB:4:CP002621.1	0	0	.	.	Original name was ebpB:4:CP002621.1
ebpC:1:AE016830.1	0	0	.	.	Original name was ebpC:1:AE016830.1
ebpC:2:CP002491.1	0	0	.	.	Original name was ebpC:2:CP002491.1
ebpC:3:295112306	0	0	.	.	Original name was ebpC:3:295112306
ebpC:4:CP002621.1	0	0	.	.	Original name was ebpC:4:CP002621.1
camE:7:CP002491.1	0	0	.	.	Original name was camE:7:CP002491.1
efaAfs:3:CP002491.1	0	0	.	.	Original name was efaAfs:3:CP002491.1
cCF10:4:CP003726.1	0	0	.	.	Original name was cCF10:4:CP003726.1
cad:4:CP003726.1	0	0	.	.	Original name was cad:4:CP003726.1
camE:8:CP003726.1	0	0	.	.	Original name was camE:8:CP003726.1
ebpA:5:CP003726.1	0	0	.	.	Original name was ebpA:5:CP003726.1
ebpB:5:CP003726.1	0	0	.	.	Original name was ebpB:5:CP003726.1
efaAfs:4:CP003726.1	0	0	.	.	Original name was efaAfs:4:CP003726.1
fsrB:5:CP003726.1	0	0	.	.	Original name was fsrB:5:CP003726.1
gelE:7:CP003726.1	0	0	.	.	Original name was gelE:7:CP003726.1
hylA:4:CP003726.1	0	0	.	.	Original name was hylA:4:CP003726.1
hylB:4:CP003726.1	0	0	.	.	Original name was hylB:4:CP003726.1
efaAfs:5:CP002621.1	0	0	.	.	Original name was efaAfs:5:CP002621.1
cCF10:5:FP929058.1	0	0	.	.	Original name was cCF10:5:FP929058.1
efaAfs:6:FP929058.1	0	0	.	.	Original name was efaAfs:6:FP929058.1
ElrA:1:295112306	0	0	.	.	Original name was ElrA:1:295112306
ElrA:2:CP003726.1	0	0	.	.	Original name was ElrA:2:CP003726.1
ElrA:3:CP002621.1	0	0	.	.	Original name was ElrA:3:CP002621.1
ElrA:4:CP002491.1	0	0	.	.	Original name was ElrA:4:CP002491.1
ElrA:5:_AE016830.1	0	0	.	.	Original name was ElrA:5: AE016830.1
SrtA:1:CP003726.1	0	0	.	.	Original name was SrtA:1:CP003726.1
SrtA:2:CP002491.1	0	0	.	.	Original name was SrtA:2:CP002491.1
SrtA:3:295112306	0	0	.	.	Original name was SrtA:3:295112306
SrtA:4:AE016830.1	0	0	.	.	Original name was SrtA:4:AE016830.1
tpx:1:CP003726.1	0	0	.	.	Original name was tpx:1:CP003726.1
tpx:2:CP002621.1	0	0	.	.	Original name was tpx:2:CP002621.1
tpx:3:295112306	0	0	.	.	Original name was tpx:3:295112306
tpx:4:AE016830.1	0	0	.	.	Original name was tpx:4:AE016830.1
