Ref,Length,Seq
lcl|AF261825.2_cds_AAG03003.1_1,1218,ATGAAGGTATCAGTAAACAAGCGTAACCCTAACTCGAAGGGGCTCCAGCAACTTAGGCTAGTGTACTATTACGGAGTTGTTGAAGGTGAGGATGGCAAAAAACGAGCAAAGCGCGACTACGAACCTTTAGAACTCTATCTCTACGAGAACCCAAAGACACAAGCAGAGCGTCAGCACAATAAAGAAATGTTGCGTCAGGCTGAGGCTGCGCGGTCAGCAAGGCTCGTTGAATCTCACAGTAATAAGTTCCAACTGGAAGACAGAGTAAAACTTGCTTCGAGCTTTTACGATTACTACGACAAGTTAACTGCCAGTAAAGAGTCTGGAAGCTCTTCAAACTATTCTATTTGGATCTCAGCAGGTAAACATCTTCGGAGCTATCACGGAAGAGCAGAGCTCACTTTTGAAGAAATTGATAAAAAATTCCTAGAAGGGTTTAGGAAATACCTTTTAGAGGAACCACTAACGAAATCGCAATCAAAACTTGCGAAAAACACAGCCTCTAGTTACTTCAACAAAGTCAGAGCCGCACTAAATGAAGCGTTCCGGGAAGGCATCATCAGGGATAACCCAGTCCAGCGAGTAAAAAGTGTCAAAGCAGAAAATACCCAGCGAACCTACCTCACTCTGGATGAAGTTCGAGCTATGACAAAAGCGGAATGTCGCTATGACGTACTTAAACGAGCATTTCTTTTTAGTTGCACAACTGGCTTGAGATGGAGCGATATTCAGAAGCTTACTTGGAAAGAAATAGAAGAGTTTCAGGATGGACACTACAGAATTATTTTCAAACAAGCTAAATTACTGAATGCCGGAAACAGCTTAGTCTACCTGGATCTACCAGACTCAGCCGTCAAGCTTATGGGAGAGCGCCAAGATAAAGCGGAGCGAGTATTTAAAGGGTTAAAATATAGCAGTTACACCAACGTTGCTTTGCTACACTGGGCAATGCTAGCAGGCGTTCAAAAACATGTTACTTTCCACGTAGGCAGACATACATTTGCTGTGGCCCAGCTTAACCGTGGGGTTGATATCTATTCTCTCTCTCGCCTTCTTGGACACTCAGAATTGAGAACAACGGAAATTTATGCTGATATCCTTGAAAGTCGCCGGGTAACAGCAATGAGAGGCTTTCCAGATATTTTTGAAGATAAAGTACAAGAATCTGGAACTTGCTGTCCTCACTGCGGAAAGTCCGTATTGAATAAAACACTTTAA
lcl|AF261825.2_cds_AAG03002.1_2,369,ATGACTGTAGACGTGAATGAAACCTTGAATGCCTTGAGAAGCGAAATTGCAGAAATGAAGCAATTACTGGCTCAGGTCGTTGAAAATACGGTGAGTGACGGCAGCAAATCAAACTTACCACCATCTGATAAAGAGTATCTTACCGTCGATGAGGCGGCGGCATACGTTGGAGCAAAACGCTCATACATCTACCGCCTGACGCATGAAAAGCGCTTATCGTTTACTAAGCCGGGTGGTAATCGGGTGCTAATTAAGCGCTCAGACCTTCAAGCATGGTTGGAAAAGAACAGAGTGAAGTCTGCTCATGAACTTCACCAAGACGTTACAAATTACATCACGAGTTTTCCTCGCGGCCGTAGGGCATCTTAA
lcl|AF261825.2_cds_AAK02034.1_3,954,ATGAAGCCATTTAGCCAACTACTTGCTCAGTATCAGGCGGATATCGAAGTAGAAAATAGTGATAAATCACAAGGCTTGAGTCGGGCTGAGTCTGAATTAATAGATGCCTCAGTAAGGATTAAATCAGATCCACCCTCGCCCAATGATTTCACTTTTATGCACTCAATCATGTGCCAAGTCGGTTTGCCTCGTTCAAGAGTAAATGGATCTGAGTTTGAGAGGCGTTGTGGTGCTGCTGGTCTATACATCCGAGCGGGTAAAATTTGGGATGGTAAGCAGTTTCTCCAACAGCCTGTTCCGTATGGTCCCATGCCAAGGCTTGTAATGGCATATCTGAATACTCAAGCGTTGCGTTCAAAATCACCCGAGATTGATGTCGGCAATAGCGCCAGTGCTTTCCTCAAACAACTGGGCAAGGAGTCATCAGGAGGAAAAAATGGGAGCTATACAAACTTCCGTAAACAGCTTTTGGCGTTATCTGCTTGTAGTATTACCCTTGGTTTTAGTACCGCTGATAAAGCGTTCACTTACGATGGTAAGCCCATCCAAAAATTTGAGGCTTGGATTGGTAACAGCGACAATCAAGGTGCTTTATGGCCTGGTGTTATTACATTTTCACACGAGTATTTTACTACGCTAAGCGAACATGCTGTACCGCTTGATTTAAGGGCTCTAAATCAGCTTAATAGCAGTGCTCTTGCGATGGATATTTATGCCATGCTTTCGGATCGTTTACATCGAATTAGCGGTAGGCCTGTCGTATTGTACTGGCGTAATTTGCGCGAGCAGTTTGGTCAAGAATATACCGGAGACGACGCTGACAGGAACTTTAAGAAGGTATTCCTTCCTGCTCTAAAGAGAGTCCTTACTGTTTATCCGGATGCAAAAGTTAAGAAAGTGACTGGCGGAATTCTGATGATGTCCAGCCCCCCACCGATTCCATACCGTAATTGA
lcl|AF261825.2_cds_AAK38385.1_4,291,ATGTTTACGGGGGTTCACCCTCAAAATTTCTCCAGTAAATCAATGATGATGCTGGAGAAATTTATGCAGCAAACTTTAAATGAAAAAGATTACAGTCACCTGCAGATGATCTCTGTGTATGAGGTGACTGCCCTACTTAAAATCTCTGTGCCAACGCTTCAACGAATCCGCACAAACGACCCTTCATTTCCCAAACCATATAAAATCAGTGGCGATAAAACACTAAGATACAGGTTAGATCAGTTGGAGGCATGGCTTGATTCCCGCAGGGTAAGTAATGAAGCCATTTAG
lcl|AF261825.2_cds_AAK02035.1_5,2760,ATGTCCACTATGCCGCCCATCATGACGAGGTTTGTTGCCTCGCTCCTATGTTTAACCATCTCAGTTCTTCCGATACATTCTTATGCGGGTAATCAGGAACCTAACATCGGAGCTGTTGGTCGTGATGCCAAACAATTTGGTTTATCTATTGCGAACGGAGTTAAGCAAAACTCTGCTCAGGTTCAAGATGGTAAAATTTCTCTACCAGTCGGTAATGGTCAATCAACATCCATAAACATAAATGAACTGTTTCCTGGAGTTCAACCTGGTCAAAATACCGCAGAGTATTTCCCTGATGCAGCATCTCCAGAGGAGCTAGAACAGATATTTAGTGATGCTGATGCTATGGATCAGTTTGGTAATGAGGCAAAAGCCAATTTATTCCAAGACGCCAACAGCTCCAATCCCTCAATATCAGGTTCTGCATATCAAGTTCTCATGGATGCGGCCAATCGCTCACGCCCTGATTTCAGTAATGACCCGGTATTGAATCTAAGCAAAAAGACCTATGAGGATATGGACCTCATCGCAGGTGGCTTTGGGGATTGTTCTGCCGAAACAACCATTAATCAGAATACTATCAACGCCCACATTCCAGAGTATGAACGGTGTCAGCGTGTTGTAGATCAAAGCGCGGACTGTGAGGTTGTCCATGACTACGATGCCTCTGTGGTGAAGCACTATGATGGCCCATACAACCTCAAGTCCTGTGGTGACGGATGCACGGAGCTCTGGATTGGTAAGGTTGGGGACGATTACTGGGCTGGTAACTGTAAAATCTATGAAGAGTACACAAGAGTCCAGGTTAGTAACCCGGATGCTATCGTTTCCGCAACACTTGAATATGTTAAGTGGGATGATTACATGCAAGTGTGGGTCGGTAAGTCCGGCCAAGAAACTAAAGTGTGGTCTGGCCCAGATGGCAACTTCCCTCCAGAAACAGCCGGTAGATGTGAGCTCTCCACGAGTTGGGAGCGAAACCCTAATGTTGATGTCACTCCCTATTTTAAGAACGTGAAAGATGGTGATGTTGTTACATTCAAGATCCGTGTTTCAGTAACTGGTGAAGGTGAGGGTTTTGGCCGCATAAAACTCCGCTATGACCCATCGAAAGCCATTACCAAGGATGAGTGGGCTCCACAGAGCTGCATGGATTCAGCCAAAGGGGTTGTAGATGGTTTTGCCGAAGGCGAGATAACATGTATAGATGACCCGACTGATGCTACGGGCTGCACAGTCATCAACGGGGTCAAAGTTTGCGAATCCCAACTGAAACCGTCACCTTTCCCTGGCATTCCAAAGCTGTGCAAAAAGGTTCGAGTTAAAGCCGACTATGACTTTTATAAGGGGCAAATGGACTGCTGGACAGATCCTCAAGGTGAAACACACTGCCCTGTAAATACTGGTGGAAATCTCAACAGTTGCCAGATGTATGAGGATAATCCTCAGTGTGGATTTATTAGTTCTGAATGTATTGATGGAGCAGAGGGTTCCTCGGGTAAGTGTTATGTGTTTAAAGATACCTACGACTGCGGAACGGACATATCAATACCTACTTTAGAGAAAGAAACGACGTATCAATGTGGTGGACCCATTAGGTGTATGGGGGATGATTGTCTCGATATAACAAAGTCACAAAGCACTGATTTCGCTCGTGCATCTGCATTGTTGAATGCAGCTCAGTTCATGACTCAGGATATGAGTTGTACTGGTCAAAATTATGATGATAACCCCACTGGTGAAGAAAATGTGATGTGTTCAGCTTTTGCCGGTGAGGCTGGGGAATGCAAGATTGCTGTGGGTGGTGTCTCAGATTGTTGTGAAAAGCCGACGAATATTTCGTTTGCTGATTATCTCAATTTGATTATGGCCGTGCCTAAGCTAGACGGTGCCGTTATGGGACTCTCTGATGGCAGTGCCGTGAAAGGAGCATACCAAGTATTAAGAGACCCCGTAATGTCTGGCTGGACCGAAATAACACAGCCTTTTGCAAGTTATATAGAAAATATTAGTGGAGCGGTTGATAGTTTTCTCCAGCCTGTTCAACAGTTTGCCCAGGAGACTATTGGCGCATTAAAGGAGCAAATTACCAAGCTGACTTCTGAAGCTCTAGGAAATGCTTCTGCGACGGGAGCCGCTGGCGTACCTGCTGGGGCTCCTGAATCAATGACTGAACAAATCCTCGGCCAACAAGGTGCCGCCATGCTAAGCACCGTTATGACTGTTTACACAGTCTATGTAGTGTCGATGGTCATGATCCAAATGATTTGGAAGTGCGAGGAAAAGGAGTTCACCATGAATGCTAAAAGAGCACTAAATAGCTGCACATACGTTGGATCTTACTGCAAGTCCAAAGTACTGGGAGCATGTGTCGAGGAGCGAGAGTCCTATTGCTGTTTCAACTCGCCACTCTCTCGAATCATCCAAGAGCAAGTGCGGCCACAACTTGGCCTTAACTTTGGTGATGCGCGCACACCTCAATGCGGCGGAATTCCATTGGATCGAATAGCGGATATTGATTGGAGTAAGGTTAACCTAGACGAGTGGTTGGGTATACTTCAGCAAAATGGAAAACTTCCTGATCCCGCATCGTTAAACTTGGATGCTTTAACGGGAGCTGGAAGTGATTTTAATATTGATGGTACTCGACAAGACGCCTCAGAACGTATTATGGAGCGGCTGGAAGGGATTAATGTGGACAAAATTAGAAACGACAAAGCGCGTGAAATCTTTCCTGACTTGGATGGCAATGGTGGTTGA
lcl|AF261825.2_cds_AAK02036.1_6,534,ATGAGTGAATGTTTTACATCTGGTTCGTTATCTCGCTGGGTAAAAGCAAGGCACATGGCATTGGCGGGTTATATCACAAAGATAATTATCCTAGAGACTGGTTTGACTTATAAGCAAGTTCGCAGGCTGTACGCTGAGCTTGAATATTGCGGATATGATGTGAAGGATAAGAAATCCAGGACATTCCGTGGTGGAGCGACGCTGATCCACAGTCAGACATCTAAAATTCAAGCATCGCTTTTAATGCAGCTCTATTCAAATCTTGGAGGGGAAAAAGTTAAGCGTTCTGTAGATATTAGCGCTCTGAATAAAGCGTTTAGGATGTATCACGCTATCCGTAAAGAAGTACCAGGTATGAAGGGAGGAAAATGGGAGCCCTTCGACATTACAGATGCCTGGTGTCTTGCCTCTGAACTGCGCAATGGAGAAGCAATGATAGAGCATTGCGAGCAATGCCAATGCACTTTTTTTACGTCAATTAATCAGCGAACATGTGTTGAATGCCCATTCTGCCGGGTCTCAAAAGCTGCCTGA
lcl|AF261825.2_cds_AAK38386.1_7,612,ATGTATGCCTTAGAGCCGTTAGAACGTGATGTTATTGGTAGCTTTGACAGGTTTGCCGTTCAATTGAGTGAAGAGAAGCCAGACCAAGATATTTATGAGTTCGATTTGACTCTGTGGACACTACTGAAGCTTTTATCAGCCAATGCGCCATCCCAGGTTAGCAATCATTTTTCTCTTCCAGAAGATCTTGTTAATAAATTGGCGTCAACTCCTGACAGTTATCTTTCACAATTAGCGAGTGGAGTTCTTCTGAGCTTTAAACTTGAAACAGATCAAATGGAAGTGATCGATACTCTTGCCGGTAGCTACGATTCTGTCATATGCCTTAAAAATGTTGTGGACGACTTTGACGCAGCGTACTGGCTATTGCTTAATAAGTTAGCTAGTAGAAACTTGGACATGGCGATGCAAATTTTTGGTGTATCTTCTGGTCTTGCTTCCTCAGTCGCCGCCTCCTCAAACAGCCAGTTAAGGTCGTTATCGCATAGGGTCGTTATTAGATTTTCATTGAGATTTGATATTGGCGTACTCGATCAATTCTTATCAGCAGCTCTTGCCGATACAACGCCGATTTTATTAAAAAAGATTCAGCAATCTTTGGTGTGGAGATAA
lcl|AF261825.2_cds_AAK38387.1_8,222,ATGGAGAAAGATATGAAGCATTTAGATCGTGAAACTGAAAAGCGATTAAACACAGTCGTTAAGGCAATCGGAACATTGTTTATTCTAAGCTTTCTTGCTCACTTGGTTATCTCGTCGTGGAGAGATGACCAATATGGATTTACCTTACTAGCGTTGATTGCAGGGAGCGCGTTAGTTTCAATCAATCTGGGCCGCAGAAAAAAAGGTAAGGAGGACTACTGA
lcl|AF261825.2_cds_AAK38388.1_9,291,ATGAAAAAGGCGCTATTCTCTTTGTTTTTAATCGTAAGTTTGTTCTATTCGTACAAACTTCTTGGCCTATGGTCGCTCATATTTTTTGTAGTCGGAGTTTCTCTGCTGGCATCTTTAAAGATTGGTAGAAGAGCCTATCTAATCAGTAATTCCGGGAGTAAAACGAACACATTATCTGGGCGAGATCTGTTTGCAGACGTCACATACAACCCTGCCACAGGATCTCCAATGGTAAGTGACATAGATGTATCCGGAAGCTTCTATGGATTGAATAAAAACAAAGGCTCCTGA
lcl|AF261825.2_cds_AAK38390.1_10,255,ATGAGCAAACGAGCTGAATATAGACGCGCAATTAAAGAGCTTAAAGTGATGATATTACTGGGGGAAGGGAGATGGCTAAACGAAAAGCCAATCTCCTGTGGAAATAAAAAATTTATCGTCGATGGTTCGGTGTTGAACAATGTAATCAGAGAGCATCCGGAACTTAATAAACACATTTTGATAGGTTTTTTTTCGTCGCCTCAACGGTATCCGTTATTAAGATATAAAGATAGGCAGTTAACGTTAAGTCTATAA
lcl|AF261825.2_cds_AAK02037.1_11,3405,ATGGATTTTAGTATTTATTCCGTCGGTGATGCCGCATTTCTAGAGCAAATAATGATTGCTGTAGCGATGGCTACAGGCACCGGTGATTTTGAACGAATGGTAAGTATTGGCCTTTTAATTGGCGCTCTTATCATCTCATTTCAGTCGTTATTCCAGGGAGCTAAATCCTGGGATTTACATCAAGTTTTTGCTTGTTGGCTCGTGTATGCCATTTCCTTTGGAGCCGGCGTTACGGTAACTATTGAGGACGCGTACAACGGACAAGTGCGAGTAGTGGATAACGTACCTGTTGGTCCAGCCGCCGCTGGTTCTATAATCTCAAGCGTTGGATTTGGTCTCACAAAACTCTTTGAGGTTGCATATAGCCCTGTCGCGAGTGTGACTGAATCAAAGTTCATGGATTCTTTAGAGTTATTATCAAAGCTCAGAAATCACGAAATGGAGTCAGCACTATGGACTGTCTGGAATGATTCCCTAGGAGGCGGTGCTGTTGATATGAAGAAAAGCCTGACTAACTACATATCAGAATGCACAGCAATTAAATTTTCATTAGGTGAGTCAAATGAGGATCAAATCAACACAGAGAATTGGCGTACAGCTCTCAGATTTGATTCACAAATATATGGGACCCGATTGTACCTGTCTCCATCTGGCCCGACAGATCCCAGTTGTACAGATGGCTGGATTCAGTTGAGCCAATCCTTTGAAACTGCCTTCAATTCTGGCCTTTCGCAACAAGCTCTTGGCTATTTGTTGTCTACCACTGATGCTTTGAATGCTACATCTGACGCTTTATACCGCCTGCAGGTTACGAATGTGGCCGCAGGTGATTTTATAAAAGCCAATTTTCTGCAACCTATCGTACAGCGTGGCTTTGCTCAGTACTACAGTGATATGAATGATCCGTACGCACAAACCATGCTCACTCAAGCTGAGTCTCAGCGAAATACGCAATATGCAGCCGAACAGTCTTTGTTTGTAAAATCGATTCAACCTCTTATGACCTTGGTAGAGGGGTTTGCCTATGCGATTACGCCCATAGCCGCATTTGTGATGGTGCTAGGTTCTAAAGGTTTGCTATTGGTCGGTAAGTATCTTCAAATGCTTATATGGGTACAACTTTGGTTGCCAATTATGTCGGTAATCAATCTATTCATTTACATAATGGGGCAGCAGGCGCTCGCAAAATATACCACAGGGAACTTATCCTCATTTGAAGGCGTTGCATATGCTGGGGCCGAAATTGAGCGTTGGATAGGGATGGGTGGAATGATGGCCGCAGCAACGCCAGTCCTATCGTTGATGTTAGTAACTGGCTCAGTATATGCCTTCAATAGTCTTGCTCAACGAGTGGGGGCGAGTGATACAGTCAATGAAAAACTAATGTCTCCAGACTTAGTGGACCGTGGTTCTGTTTTGAGTCAACAACCACAATTTAATCAATCCCGGATTGCTGGAACAATGACCTCTGGAGGTGAGTCGTTAGTTGATAGTATTAACTTAGGGAGTACCGTAAGTAATGCCCTTAGCAGTAGTTCTGCTGCTACTGCACAGGCTCAGAAAGGTTTCGCTAGCCAATTAAGTAATAGTGTGTTTTCTGGACATGGTTCAGAACAGACTTATTCACAACTACAATCATTAGGACAAACGTTGAGAGCGTCTGATTCAACTCAGGCTAAAAGTATTTTGTCCGCGGCGCGGAACTACGTTACTGATCGTGGGATAAATGCTTCTCACACGGATGCTGTGGCAGGAGCTATTGCTATGCGTGCTAGCGCTGGAGTGGATGCCGGAAAACTTGCTGCTGCTTTTACAGGACCGGTTGGTGCCGCTGTAAATGCCGCTAATCCGGTATCTATGAACGGTAGTTTAGATGTATCTGCGCAATCGCAGAGTCAGGATAGTAGACAGCAGCTTAGTTCTGATATTGACTCTTTATCTCGCGGACTCGGTTTTACAAAAGATGACAGTTCAGCATTAACGAGTGATTTGGCGCGGCAAGTGTCTACTGATAAAGGTCAACGTTTTACCCAGAGCTTAGGTGAAGAGCAGAGAAAGCAGCTCATGCAATCCAGTTCTGATCTTTTGTCTTCGCAACAAACCTACCAAGAGTTATCTCAGGCTCAGCAAACTATCGGGACTACTAGCAACAATAATATTATCGCGTTAGCTGACAAAGTTCTGAACAACTGGTCAGCCGGTAAGTCATTGTCAGATGGTGTTAGACAGTCATCGCCAGAGACAAGAGATTTTGCGCAAAGAAAAGCCCAGCATTACCAAGATTTAGGTATTGATTCCCAGAGGGCAATAGTTGGAGGGCAGTTGTTTGCTATGCTCAATTCCAACTCTCCATCTGAACAAGCAATTGCAGCCGGTGCAATAGCAAAGGCCACTGGTGGTAACAGTGGTATTGACTTTAATCAACCTGGTCATAGTGCAATGTTGGTAAAGGATGCTCCGCGCTATGTCTCGCCGGTTGAAAATTCGAGCGCACTTTCGGCACCGGAAAGAATGAGCAATGAACAAAAGCTTTTAGCTGAATCAGGCAGTATTGGATCTGAAAATTCTGTTCGTGACGCTCATGAAAAGGGTATCCAACAACTTGAGCAGAGTTATGGGACAAGCAGAAATGAATATCTTAATGACCGCTTGCCTGCGTTAAGAGCACAGATCATGGCATCCGATTTGGCCCCGTCAACATCCAGTGCTTTGTTTGCAGGTGCTGAGGGCGCAGGTCGTTTTGTACAGCAAGTTGTGGGTGGCGCAGGAGCCGCCAAAGAAGGGTTCGCAGAGAGTTTTGGGCAATCGATGTCTAAGTTAGCCCAGATGACTCCGGAACAACGAGATCAGTTTATTGAGGACACAAAGAAAGGGGACGATTACGTCAAGCAAGAGTATGGTCTTGGAGGCTTCCTGGCTGTAGGTGCTGCAAATCTGGGTAGGGATATCATTGGTGTGGGGATCAGTGGATTTGAAGCCGGTAAAGAATGGTTAACCGGTAATTCAGATCTTTCAGAGGCAGCACAGGGAATGTCTGTTAGAGAAAGAGGGATGTTTTTTGCTTCAGCATTAGCAAGTGCAAGCGAGGCTGGAGCTGGAAAGGCGGCTGAGTTTGTTCAGCAATATGGTGACGAATTCAGGCAGATAGCAATGGATACTGCAAGATATGATTATGGTTTGAATAGTCAGGCAGGAGCAGAATTGTTTGCTGCATCGTTGATGGGCGGCGATTCATCGCGCTCTGGAGAACTAAGAGAAAATCTCAGAGAAGAGGTTGGTGATAACGTATTGGCAGATAAAATGGCTGCGATTATTGAAAGTTCTGCGGGGGCAGGTAAAGACCAAGCGGGCGGATATTTAGCGCCTGTATCAAGGTATTTGTCCGTAGCCAAAGGAGGCCGTTAA
lcl|AF261825.2_cds_AAK02038.1_12,1425,ATGAGAGTCTCTCCCCCTTACATTAGAACACTATCTGCCTCTTGTTTAATCATCTTCTCTGTCGTCGCCACTCATGCCTCGGCTGAAGGGCTTCAGTCCGAGATGGATAGACTATTCAACGAAATGAGTAATACAACTAGACCGGGTATTCATGAGACACAACGCCGTGGAGTTATTGCGGGTGGGCGTGTGACCACCAAAGCGCGTATTTTTGATGAAAACCTAGTTAGCTTTGTCCCTCCATCCTGGAAAGCTGGGTGTGGTGGCGTTGATCTATTCGGTGGTTCTTTATCGTTTGTGAATGCAGATCAGATTGTTCAACTGATGCGAGCTGTGGCAGCAAATGCAAAGGGCTATGCTTTTCAACTAGCTCTGGATAATGTTTTTCCTGATGGTGCCAAATGGATAGAAAACTTTCAGAAGAAAGTTCAGGCTTTGAACCAGCATTTAGGCAATTCTTGTCAGTTAGCTCAGGGTATTGTTAACGATTCACTAAGTGCTTTTGACACGAAACTAAAGAACGATACTCGTACAAAAGCATCGACCAAAGGTTTATTTGAAGACATGTTTTCTGCAACGCAGGAAACGGATGGACAAACGGCAATCAAGACGCTGAAAGACAACTCGCCACAGGCCTACCAAGAGATGATAGGTAATATTGTCTGGAAGCAACTCAAAAAGAATAGTGTAAGTTCATGGTTCCAGTACGGGGATAACAGCCTGCTTGAAGCCATGATGTCTATAACTGGTGCCGTTGTCATTGGTGATTTAATTAATGATCCAAATCTTGCTGGAGCAAACAACAGTACTAATCCCATCGTCACCTTACCGGGGAATCGAATTACCCTTGGAGATCTCATTTCAGGTGGCTCTGTTAAAGTTTATTCATGTGACAGTGATACGGTTAACTGTATTTCTGCTGGTTCTGAGCTGAAGAGTGTTCAGCTCAGGGGTATTGGCAATCAAATGTCAGATTTACTTCTTGGTTCTGATTATTCACCTGGATTGATTTATAAATATGCAAACAATGTTGGGGCTTTAAGTTCTGCCGAGATAGCTTTTGTATCAAATCTCCCCAGTAGCTTTGGCTCACTTTTCCGAAATCTTTCCGCTGTTTCCAGTGATACAGCAGAGCAGTTTGCTCAGCAAGCACAGACCATCATAGCGCTAGATATAACCTACAGGTTTATTGAGGAGATATACCGGGCAACAACTATTGCGTTAGCTAACAGTGATAATGCCTATCAACAAAAAGCTGTTGATGTACTTGATGCTTCTCGGGCTGTTGTCAGACAAGAGTATGACCAATTAATTGTGAGGCACGGGAAGCTAAGTGATCTGATGGGGTATTACAACAGCTTACTTGATGTCACAAAGAAGCAGCGGCTTTTACTTGCGGCCCAAGCATCAGGGAAAAAGGAGTAA
lcl|AF261825.2_cds_AAK38391.1_13,858,ATGAAAATGAATATGTCAACTTCCGTAAGTTCAGCTACAGCCTTGTTCGCCGCCATTATGCTCGCAGGCTGTGCTACAACCCCAAAATCCTATAATTCAGAGATGTCCAGAGCGTTAAACTTGGCAAGAGCTGGGGGTATTTATGACCAAGATCTGAGAGACTCAGAAGATGGGCGGAACTCATATAGACAGTCTCTACTGATGAAAGCGCTAAATGTCACAAGCCTGGCCACATCGCTTGATGCTCCATTAAGAGGATTGAACGGTCAGCAAACTCTCATGTTTAACACTGCAAGCATTCTTACATCACCGGATAACCCATCCGCTAGGCCAAGTTTGATGGCTTGGATGCCTGCATCAATGGCTAAATCCTCAGAAGATGCTTATAGCAACTACATAAACCTAATTGATAATGCCGTTGCGGTAGCCGCGAAATCTATGAACCTGGATTTAACTAAAATAGTGGAAAGTACAGCGCCTAAGATTGATGGAAATCCCTTAATTATGTGGGCAGTAACGGCTCCACAATTTGGCTGTGATGGCTCAAACTGCGTAATTGCATACAACGTTACAATGCCTAATCCGTGGAAAACACCAGCCTTTGTGGGCAGTGGTAATATTGATAGCTTTAATCTGGCCGCTAATAACACGACCAAATATTCTCGATTGATTTTCTCCCAGGTCAGCGACGTGAAATCATTTCCAATGGACGATTTTTACAAAAGTACGAGCCGAGCGCTGCCGGAGTGGGCAGTCATGTATTTCCCGCCCAATAGTGTGTTCCAGGATGGCAAAGCTTTACCATATCCAGTTATCTATGAAAAAGGCCAGCAATTGCTATTTAGGAAGGCACAATGA
lcl|AF261825.2_cds_AAK38392.1_14,396,ATGAGTCTGTGGCATGAAGAACTGGAACTGGCTTTGCTAAATCTGGAGGATTCAAAAGCCGGTTGTGATGTGATGACTTACGTGATCAGCCACATTCTAGCCAAATCAGACATTCCACATCAGTGCAGAGTAGGGTTTGTTGAAACAGTGCATAGCAAGACTCAAATCAATCCGCATTGCTGGATAGAGCTAAAGAATGGATGGGGTATAGATCTGACTTTACGCCGGTGGTTGGGTGACGAGGACCGATGGCCGCATGGAGTATTTAGGCTTTCAGACTATCCACAGGTTCAATTCTGGGGAACGCCCCTGTTTGCCCCGAAGCTAGACGATGAGGAAATTAACGCTATGTCCGATCATCTAATTGAGACAGTAAAAATACCAGTTTGTTGCTGA
lcl|AF261825.2_cds_AAK38393.1_15,270,ATGTTGGGACAAAATCAAACAGAGATCCATCAATTCGATGTGTGTGGCCGCGTGTATTATCGTGGGGTTAACTACACTGAAAAAGAAGGTGAGTTGGCTGTTGAAACAGTAGAAGCTACTTCTCATGATGAAGCTGAAGCGCTGTTTAAAAGCCTGCAGGATGAGTATGCTCGTGAGTGTAATCGGACTGTTGAGCGCATCGATATCACTTTCACTATTGACTTGACGATAGCTGAAAGCGACAACGATGAACCGTACTTAGTGATGTAA
lcl|AF261825.2_cds_AAK38394.1_16,186,ATGTATCGACTGATTCTGACAAACAAAAAAAAGCGAACGCGAGAGTATCAGCCTTCTGATGCTGGTTATAGGGCAGCTCTCAAAGCCATGCGCAAGTTTTTGGAACAAAATCCCCAGGGAAATGCAGTGCTTTACGGGCATGGTGTTTGTGAGTCCTTGACTATACGCAACATGCCTGAAGCCTAA
lcl|AF261825.2_cds_AAK38395.1_17,255,ATGCCCGTAAAGCACTGCATTTCCCTGGGGATTTTGTTCCAAAAACTTGCGCATGGCTTTGAGAGCTGCCCTATAACCAGCATCAGAAGGCTGATACTCTCGCGTTCGCTTTTTTTTGTTTGTCAGAATCAGTCGATACATAAAATCTCCCTCATCTTTGAGCTGACAATAATTTCCTGGTGGAACCTATTACAGCGCGTTCAGCAACCAGCTCCCCCTCAAGCGGAGCGCATTCGACAGCATCGGAGACTCTAG
lcl|AF261825.2_cds_AAK38396.1_18,318,ATGTACTTTTCTACGTTCGTTTTGATCATGATTGTTACCGTGGGCGTTATTGCTTTCGGGGCTACGATTGTCGCCAAACTACTAAATAAGGCTTCGATTCTGGCATATCGATCATTGATAAAAACGCGGCCTGTACGGGTCGTTAGCCCATTGGTAACTAATAGCAGTTCATTGTGTGGTGAATGGTTGAAAGCTACCTCCGGTAGCCATCAACCTAGAGTCTCCGATGCTGTCGAATGCGCTCCGCTTGAGGGGGAGCTGGTTGCTGAACGCGCTGTAATAGGTTCCACCAGGAAATTATTGTCAGCTCAAAGATGA
lcl|AF261825.2_cds_AAK38397.1_19,297,ATGGAAAAATGGGTAAGAGAAAGAAGCCATGTTTATGTGCGGCATGGAGGGAAGACGGCTCGGCGAGCTATGGTAAAAAGGCTAATTTCGGCTCTAAACGATATTGCCGCCAATGAAAAAGGAGTCAACGCACCATCACAAATTGGAAGAGCTCATATCCACCGGTATTACACAAGGCATCAAGGATTGAGTACCACGACATTGCGGGATCATTTTTATGCGTTCCGACTCTTGTGGGAATTACTTAACCGTCCTGGAGAGCCTCCGCGCCCAAAAAACACCGGCTCTGCTGATTAA
lcl|AF261825.2_cds_AAK02039.1_20,966,ATGCGTTCAGAGCGGACTAATCCGGATTCACGGAATTTTGGTCTTCGTAGTCGAGATATAAACAAGGCAGCCCTGAACGCTCTCAAGGAGGGGATGAAGAGTTTTCAGTCCATAGCCACTATTCATGACCGATGGAGCGTTTTTAGCGCTTGGATTAAGTCCGAACAGGGCATAAAGGACATGCGGGACATAGAAAAGGCTCATTTGGTCGCTTATGCGGCGCACCTTAATGATCGCTACGAGCGGGGAGAAATTGCGCCATCCACGGCGCAGAACTACCTGAGCGCAGTGAATCGGGTGATGGAGATTGCGCGTGGCGACCGACAGGTACGTGTAGATCCTGTCTCCGAGGGGGGACTTCCAAAGCGCTCAGGTATCGCCACTGGCGACCGAAGTGTTTCGGAAGCTTCCCATAATGCCGCAATGGGGGCAGCCTCCGAGCGCCTTGGGGCTTTGCTGGAACTACAGCGTAATTTCGGTCTGCGGTTCGAGGAATCGGCCAAGCTGGATGCAGCCAGAGCACTAAGAGAGGCCGAGAAAACTGGCTCCGTGAGCATAAAAGATGGCACCAAAGGTGGCCGGGCGCGCACTGTTCCGATCACCAGTGATGCTCAAATTACGGCACTCCAGCGAGCCGCCGCCATACAGGATGGCCGCAGCATGATCCCCGCAGAGAAGAATTATCGTGAGTTTCGGCAAGAAGCCTACCGGGAGATCGGCCGCCATCCGGTGAACTTCCATGGCGAAAGGCACCACTACGCTCAAACGCGCTACAAAACTTTGATGCGTGCTGATTGCCCGGTAAAAGCAGGTGTTAAACATGGGCGAGAGCACTATGAATATTTAGCCAAAGAACTTGGAGTATCAATAGCTCACGCCAAAATGCTGGACAAAGAAATCAGATCTGAAGTGGCTTTGGAATTGGGTCATGGTCGCATCGATGTGACAAATAGTTATTTGGGGTAA
lcl|AF261825.2_cds_AAK38398.1_21,336,ATGCTAAGGCCAACGCTGGGATCTTGCCCAAACACAGGACAGTTAAACCCGATGTCCACGGTCATTAATTACGAATTGTACTGCTATGGAGCGAACTGCTCATTCCATTGGCTGGTCTGTTCCGACGGAACAAACTGCCAGCAGATCCGGCTGGTACTGTCGTGTCATTCTTTGGAAAGGAAAGCGCGAAGCGCGCTAACCGCCGAAGGCGGTATAATTCGCGCACATTCGTGCGCGGTGCGAAAGCCTAGAGCCCTTGAGGCTCAAGGCTTCCGTCGGGGGCTCTACCCCCGTCTCTGTTTACGCCTACGGCGACAGAGACGGGGTGGAGCATAG
lcl|AF261825.2_cds_AAK38399.1_22,276,ATGTTTATCATCATTGTGCTTGCAGCGTTTTGCTGCTGCCTGCGTTTGTGCATTCCGCAAGCGACCAGGCTTCCATATCGCGATCTGGCTGACAGCTATGTCGCGTTCCTGGCGCTCAATTCCGAGCGGCCAAACACAAGAGGGCCTCCCTCATCCGTCAGAACGAGTGCTGGATTTCCGGCTTACTCTATGCTCCACCCCGTCTCTGTCGCCGTAGGCGTAAACAGAGACGGGGGTAGAGCCCCCGACGGAAGCCTTGAGCCTCAAGGGCTCTAG
lcl|AF261825.2_cds_AAK02040.1_23,1641,TTGCCTTCTGATGGGCTAACACTTGAACCCAATGCTCTGCTGGCTGCGAAGGAACAAGCGCGCTGTCTTGCACTGACTGCGGGGCCGGGAGCGGGCAAGACGGAAATGCTTGCACAGCGAGCTGACTTCCTCCTCCGAACCGGAACCTGCCGTTATCCGAAGAGAATACTCGCTATTTCTTTCAAAGTTGACGCCAGCAAAAACTTGAAGGAGCGAATCCAGCGACGCTGTGGACAAGAATTGGCTTCCCGTTTTGATAGCTACACATTTCATGCGTTTGCAAAGCGTATTATTGATCGCTTCCGAGTAGTGCTTACTGGTAATGATGCTCTGGATACGGATTATTCGATTGGCGAAAGAAAAGTCACAAGAAGGCAAATTACATTTCATGATCTTGTGCCGCTAGCAATTCAAATTCTCAAGGCCTCTGTTGTCGCAAGAAATGCCATACGCCAAACTTACAGCGATGTTTTCTTGGATGAATTCCAAGACTGCACGGATCAGCAATATGAACTCGTTAAGGTAGCTTTCCAAAGTACAAGCATTCGTCTTACCGCTGTCGGTGACACCAAGCAGAAAATCATGGGATGGGCAGGAGCTTTGGACGGAATTTTCCAAACGTTCGCTAAGGATTTTTCAGCCGTACCACTAAACATGTACCGAAACTTTCGTTCAAAACCACGCCTGCTTCGGATGCAGAACGAGATAATTCGTGTGCTTGATCCAGCTTCCGTTATGCCAGATCACCAACTTGCTGGTGAGGAGGGAGAGGTTTTCGCGTGGCAATTCGAGAATGCACAGGGGGAAGCTGAGTATTTGGCCGATTTGATTGCCGGGTGGATAAGAAATGAAAAGGTTCCGTTGTCCGAAATCGCCGTATTAGTGTCCAAACAACTAGATCTTTATGCCAACCACTTGATGACGGCATTGGAAGTTAGGGGAATACCGTACCGGAACGAGCAGGAGATGCAGGATATTACTGTTGAACCTGCCGCGAGGCTCGTTGTTGACTATTTGTCCTGCCTCTACGGCCAGCGAGAGCCCAAAGCTTGGGTTCGGCTTATGAATCAATTGATTCCCTTTGCTGATGATGAGGTGCAGTCTAGCGCTAGGCAAAGCTTCCAACGCTTCTTCAAGGAGCAGAGAAAAATCATCACCATGACCGAGCTGTTGGATGAGCCGTTTTCGGGATGGTGGGATTCTGTGTGTAGCTTTCTGAAGAAAATAGGAATGGAGACTCTTGTTGCTCTCTCGCCCGACTATGAGTCACATGCTAGGTTAGGTGAAGTTGTGAGAGATACCAAAGCGCGCATTGAAGAATTGCTTGAACTTACCCCCGATTTGCCTCAAGCCTTGACTCGTTTCTCTGATGATCAGGCTGTGCGTATTCTGACTATCCATAAGAGCAAAGGATTGGAGTTCGACTCAACGATAATTATGGCCGTTGAGAACGAAATATTCTTTGGGGATCAAGATGCTAATCGGTGTGCTTTCTTTGTTGGTGTATCCCGTGCCAAGCGTCGGCTTGTTGTTACATACGCAAAAGAGCGAGATAAGCCTGATAATTATTCAGGGATATGGCGAACGAATCGCTCTGCTCAGTTAGAATATTTTGGATATACATCTCCTTTTGTTAAGTGA
lcl|AF261825.2_cds_AAK02041.1_24,1926,ATGAAACTGCACAGTATTCGGATATCAAATTTTCAAAGTTTTGGTGCTGAACCAATAGAACTGACACTGGAAAATATTACCTATCTGATTGGCCCCAACGGGTCAGGCAAGACTGCTGCACTCCAGGCTTTGTGCCGACTGTTTGCATTTGATCCATCATTACGCCGTATTCAGCGCTCAGACTTCCATGTCCCGCACGATGAACAAGAAGCGCCCGAAGAAAGGCAGTTATGGATTGAGGCGGACTTCGTTTTTCCCGAGTTGGAGGGTGAAGAAGATAACTCAAGCGTTGCTCCCCATTTCAGTCACATGCGCCTTGATGACCCTGACGGAATTCCTCGGGTACGGTATCGCCTAAGTGCCACTATGGGCCTAGATGGAGATATTGATGAAGCTTTCGTGTATGTGCTTGAAGTTGGTCCGGACGGCTCACCTATAAATCCTGAAACAGTTCCTCGATCTGACCGAAATCACATACAAGTCCACTATCTGCCAGCCAGGAGAGATCCTACTGACCACATAGCATACGGAACGAGTGCGCTGCTTGGCCGCTTGCTACGTGCCGTGAACTGGGAAAATGAACGAGAAAAGGTCAAAGGGTTCACCGACCAGATTAGTGAGAGCCTGGCTGCTAATTCATCGGTTAATGCTTTTAGCTCCCACCTGAAGAAAATATGGGGCACCCTCCATAAAGGCAGCTACTTTACAGATCCCAAGATTACTTTTGTGGCATCTGAGATCGAGGCGTTGCTTCGTCATTTGTCCGTATCATTCTCGCCTGGACATGATGACAATCTTGTCGATTTTTCTCGACTCAGTGACGGTCAGAAGTCGATGCTCTATCTATCGTTGGTTCTCTCATCTCAAGCTGTTGGTCGTGCTGTCCTTGCCGGTGAGGACGACTCTTTTGACCCTGAAAAGTTGCGTCCGCCAGTCTTTACTTTAATAGCCCTTGAGGAACCAGAGAACAGCCTCTCACCTCACTATTTGGGAAGAATTGTTAACGCTCTTAACTCAATGACGAGTAACGAGGATGCTCAGGCCCTAGTCGCTACGCATGCTCCGTCGATGTTGCGACGTGTCGATCCGGAACATATTCGATATCTTCGACTTACTGAAACCCGGCAATCAAGAATTAAGAAAATCCAATTACCCGCTAAAACCGATGAAGCGCACAAATTTGTACGTGAGGCTGTCCAGGCATTTCCTGAGATCTACTTCTCTCGTTTGATTGTGTTGGGTGAAGGGGATAGCGAAGAAATTGTATTACCGCGCCTTTTCCAAGCAAAGGGTGCGCCAGTTGATGAATCAGCGGTTACGATTGCTCCGCTTGGAGGTAGGCATGTAAACCATTTTTGGCGTCTGTTATCCGAACTGCAAATCCCATTTTTGACTCTTCTAGATTTAGATGTGGGCAGATATCAAGCGGGCTGGGGAAGAATAAAGTATGTAAATAACCAACTTGGTTTGTATCAACCTGAAAAGGTACTACCAACTACTTTTTCTTTATCAGATTGGAATGATGACAAAGTACCTGTTCGTACACATCATTTCTTTGAAAACGGCACTAAGAGTGTATTTTTAGAGCTGGAAACACGTGGTGTTTTTTTCTCATTTCCAATGGATTTAGATTTTTCAATGCTTCTTGCTTTCCCTAATGCGTACGGTGTTCAGCAGGAGGTTTCAGATGAGTCTACGATTAAAGCCGTTTTGGGTAAGAGCCATCATGGCTCATACCAATACAGCGGAGACGAGTTAAATCTTTTCTCTACGTATCACAAGCTTTTTAAACTGGGTAGTAAGCCCGCTGCGCATATAGATGCTCTTGCTCAACTGAGCAACGAGGAATTGCTGGCGAACATGCCAGGATCATTTGGACGACTTGCAGATGCCGTGATAGCCAAGCTTGCGGAGCTGCCCGAGTGA
lcl|AF261825.2_cds_AAK02042.1_25,2544,ATGGTTTCTAAAAGGAAGCATTTAGATGTGGCTCGGTTTTTCATTGACGAACCTTTTAAATCTAAAAGGCCTGGTCGAAATTCAGGTGTTCCTGGTCGAGATAGAAACCAACATGGAAGTTATTTGGCTGGTTTATATCAGAATTTAATAAATGCTTACGAACAAAAAAGAAAACAACAAATTAATCCTATCACAGATGATTCTGGTATTTATGTTGAAATTATCGGAGTTGATGGATGCAAGCTCCCATTAGATAGTTTAGATAACAGAGATTTTAAACTCTGTTCTTGCCAAATGAGAGGAGATAGAGAGTTCGCGTTAATTTTTATACCTGAAGATAAACGTGATACATTCCTTAAAAAAATACAACAGTATTTAGACCCTCAGAAAGATGGAAAACCAAATAAGGAAGGCGTTTCTTTTCCTCGAAATCATACGTTAATAGATAGTATTTCCGAGATCAGGCTTGCAAATTTGGAGTCATTTTGGACAGATCCTATAGATTTATTTCCTGCAGATAGGAATCTTGATGTCTGGTGGGAATTATGGTTGAAAAGTAACACCGTAGACGACGTTAAAAAAATAGCAGAGTCTCTTGCTGAAAGAGTTGATGGTCGCTTAGGAAACACATCTCTTTCATTTTTCAATTCTTTTGTTGTTCTTATTAAAGCCTCAGTTAATAAACTTGAGAAAGCTCCTGAATTAATTTCAAATTTAGAAGAAATTCGGAAAGCGAAGGAGACACCAGTTCCCATCATTAGCTCTTCACCAAAAGAGCAACAAGAGTGGCTGAAGAGTATTTCTGATCGAGTATCTCTTTCAGATAATATAACAACCAGTGTGTCAATACTGGATACTGGTATTAATTACAATAACATGCTGTTAAGTAAAGTGTGCTGTGATGATTTTTCTGTTTCTTGGGATCCTGATTGGCCCAAATACGATCAATATCAAGCACTAGCGCCGTTTAATGAGCATGGTTCTTTGCAGGCAGGACTTGCAGCATTTGGGAATTTGATGGATGTCGTATTAGGAAATAGCGCTATCCAACTATCACATGTTATTGAGTCAGCAAGAATTTTACCTCCGCAAGGCAACAATGATCCCTTTTTATATGGGGCTATAACGGTAGGAACAGCATCCAAACTTGAAGTAGATAGGCCAGATATAAATAGAGTATATAGCCTTGCTGTTACGTCTGATCACGAAAGAGAAAGTGGCAGACCTTCTTCATGGTCTGCAGAAATTGATCAATTCACTTCTGGTATGCAAGATGGAAAGCGGAGACTTTTTGTTATTTCTGCCGGTAACAACTTAGATATTCGTCCTGACCAAGACTATTGGGATCAAGTCAATCTCGCGCAGATAGAAGATCCAGCTCAAGCATGGAATGCTATTACTGTTGGGGCATATACAGAAATGACCACAAATGATGATCCATATTTTGAAGGTTGGTCACCATTTGCAATGGCGGGTGATGTTGCTCCATCAAGTCGTTCTTCGGTGAATTGGGCGTGGAGAAAGCAAGCACCATTTAAGCCAGATGTAGTTGCCGAAGGTGGTAATCGACTTTTGTCACCTGATAAGACTGAACTCAGTAATGAAGATACTGTTGGATTATTAACAACATCAGGAAAAACTACCGGTCAGGTTTTTGAGCGGGGTAGTGATACAAGCGCTGCGTGTGCGTTAGTCTCGAGATGTGCGGCTCAGTTAACAGCCGAGTATCCTGAACTTTGGCCCGAGACTATACGAGGTTTGATAATTCACTCTGCGGAGTGGACTCCACGAATGATGGAACGATTTGGTTTATTAAGTGCAGTACATAGTCCTAAAGTAGCAAAAGAAACATTATTGCGTACGGTTGGGTATGGTGTAACAAACATTGACAGAGCTAGATATAGTGCTGACCATGCGCTTACTTTGATCGCTGAAGGCGAAATTCAGCCATTTATCAAATCCCAAGATGCTAATGCGTCATCTGATCCTAAACTAAATCAAATGAAACTTTATCAGTTACCTTGGCCTCTCGCGGAATTGCAAAATTTGCCGCCAGAGTTAGAAGTTAAACTCAAAGTTACTTTATCTTACTTCATAGAACCTAATCCTGGTAGGAGAGGTTATCGTACAAGATATAGCTATCAATCTCATGGTTTAAGGTTTGAAACTATCAGACCTGGTCAATCAATTGCTAACTTCCGTTCTTACATTAATGGTTTAGCAAATATGGATGATTACGATGGACCAGAAGGTGACAATGATGGGTGGTTTTTAGGGAGTCAACTTCGAACAAGAGGTTCAATTCATTCAGATCACTGGACTGGTAGTGCTCAAGATTTAGCTGATATGCATACTATAGCTATTTTTCCAGTAGGTGGATGGTGGAAATATAAAACTGCAGAAGAACGGTGGGAAAATAGAGTGCGGTTTAGCCTTCTTATTAGTATTGAAGTACCTGATGAGAGTGTTGACATTTACTCTGTAATAGAGAATCAGATTGAAGTTGCAATAGAAAATCAGGTCGCAATAGAAATTGTAACTTGA
lcl|AF261825.2_cds_AAK02043.1_26,990,ATGGCTACTGCGGAACAACTAAAAGCGCTTTTAAAGAGTCACGCTGAACGTGACGATCAGCGTTTTTATTCTGTTGCCCTTCAGGTTGCTGCCAAAGAAGCTCGACAGGGGCATAATAAGCTTGCGAGCGATATTAAAAATCTTGTTGAGAAATCTCAGCGTTCTACCAATAAGCTGGGTCTAGCATCGTCTAGAACTATACCTTTTGCGCAACAGAATCAAAGTGAGTTAAAAGGTCTATTAGAGCTCACGCCACACAGTGTTCGCCTAAATGAGCTTGTTCTTTCTGATGACATACAAGAACGTATGGAGAAGGTGATATTAGAACAGCGTCAGAAGGATAAACTCAGTCAGTTTGGTTTGCAGCCGCGTAGAAAACTTCTTTTTACTGGTTCTCCTGGAACTGGTAAGACAATGTCTGCATCTATGTTGGCAACAGAGTTAAAATTACCTCTTTATACAATCGTCCTAGATAATCTTATTACTCGTTTTATGGGAGAGACTGCTGCAAAGTTGCGTTTGATCTTTGATCATATAAGGCAAACAAGAGCTGTTTATCTTTTTGACGAATTTGATGCTATAGGAACTCAACGAGGTGCACCCAATGATGTTGGGGAAATTCGTAGGGTGTTAAACTCATTTTTGTTGTTTGTAGAGCAAGATGCATCAGAGAGTATTATTGTTGCAGCTACAAACCATCCAGAGTTACTAGACCAAGCGCTTTATAGAAGATTTGATGACATCATTAAGTTTGAAAAACCAAAATTTGATCAAATATGCCTTCTTATTCAAAACCGTCTATCACTTTTCGATACCGATGATTTTGATTGGAGGATGGTTGCTGAAGCTGCAAATGGTTTGAGCTCTGCTGAGATTACCCGATCTTGTGAAGATGCAGCTAAAGAAGCTGTTTTGAATTTTAATGCAAAAATAACAAGTGAAACACTGTTAAAGGCCTTTTCTAGAAGGCAGTCAGGTAATAACAAATAA
lcl|AF261825.2_cds_AAK02044.1_27,585,ATGAATCAAAAAATTGGCTACGCTAGGGTTTCAACCGACGATCAGAACCTGCATTTGCAGAGAGATGCGTTGGCTGCTGCTGGTTGCGAGATCATTTACGAGGACAAGGCCAGTGGGAAGAATGCCGCTAGACCCGAACTTGATAACTGCTTAAAGGCTCTTAGACCTGGGGATACGTTGGTCGTTTGGAGGCTGGATAGGTTAGGCCGTAGTTTGGCAGACTTGGTGAGCGTTGTTACCCATCTGGTTGATGAGCGACGGATTGGATTTCTGAGCCTACAAGAACAGATTGAAACGAACAGTGCTTCTGGAAAGCTGGTTTTTCATGTGTTTGCTGCTTTGGCTGAATTTGAGCGAAATTTGATTAGCGAACGTACCAAGGCGGGATTGGAAGCCGCAAGAGCTCGCGGTCGCTTGGGTGGGCGGAAGCCAAAGTTACAGAAAAAGGATATCAGGGAGATTAGGGCATTACTCAAAGATGGTTCTATTCCTGTATCTGATGTTGCTAGGCGATATGGTGTATCTAGAACGACTATTTATAATCATGTAGGGGTGGTGAGTGTACAAAATTCTAGAGGGGATTAA
lcl|AF261825.2_cds_AAK02045.1_28,1014,ATGAAAACCGCCACTGCGCCGTTACCACCGCTGCGTTCGGTCAAGGTTCTGGACCAGTTGCGTGAGCGCATACGCTACTTGCATTACAGCTTACCAACCGAACAGGCTTATGTCCACTGGGTTCGTGCCTTCATCCGTTTCCACGGTGTGCGTCACCCGGCAACCTTGGGCAGCAGCGAAGTCGAGGCATTTCTGTCCTGGCTGGCGAACGAGCGCAAGGTTTCGGTCTCCACGCATCGTCAGGCATTGGCGGCCTTGCTGTTCTTCTACGGCAAGGTGCTGTGCACGGATCTGCCCTGGCTTCAGGAGATCGGAAGACCTCGGCCGTCGCGGCGCTTGCCGGTGGTGCTGACCCCGGATGAAGTGGTTCGCATCCTCGGTTTTCTGGAAGGCGAGCATCGTTTGTTCGCCCAGCTTCTGTATGGAACGGGCATGCGGATCAGTGAGGGTTTGCAACTGCGGGTCAAGGATCTGGATTTCGATCACGGCACGATCATCGTGCGGGAGGGCAAGGGCTCCAAGGATCGGGCCTTGATGTTACCCGAGAGCTTGGCACCCAGCCTGCGCGAGCAGCTGTCGCGTGCACGGGCATGGTGGCTGAAGGACCAGGCCGAGGGCCGCAGCGGCGTTGCGCTTCCCGACGCCCTTGAGCGGAAGTATCCGCGCGCCGGGCATTCCTGGCCGTGGTTCTGGGTTTTTGCGCAGCACACGCATTCGACCGATCCACGGAGCGGTGTCGTGCGTCGCCATCACATGTATGACCAGACCTTTCAGCGCGCCTTCAAACGTGCCGTAGAACAAGCAGGCATCACGAAGCCCGCCACACCGCACACCCTCCGCCACTCGTTCGCGACGGCCTTGCTCCGCAGCGGTTACGACATTCGAACCGTGCAGGATCTGCTCGGCCATTCCGACGTCTCTACGACGATGATTTACACGCATGTGCTGAAAGTTGGCGGTGCCGGAGTGCGCTCACCGCTTGATGCGCTGCCGCCCCTCACTAGTGAGAGGTAG
lcl|AF261825.2_cds_AAK02046.1_29,792,ATGAGGGTAGCGGTGACCATCGAAATTTCGAACCAACTATCAGAGGTGCTAAGCGTCATTGAGCGCCATCTGGAATCAACGTTGCTGGCCGTGCATTTGTACGGCTCCGCAGTGGATGGCGGCCTGAAGCCATACAGCGATATTGATTTGTTGGTTACTGTGGCCGTAAAGCTTGATGAAACGACGCGGCGAGCATTGCTCAATGACCTTATGGAGGCTTCGGCTTTCCCTGGCGAGAGCGAGACGCTCCGCGCTATAGAAGTCACCCTTGTCGTGCATGACGACATCATCCCGTGGCGTTATCCGGCTAAGCGCGAGCTGCAATTTGGAGAATGGCAGCGCAATGACATTCTTGCGGGTATCTTCGAGCCAGCCATGATCGACATTGATCTAGCTATCCTGCTTACAAAAGCAAGAGAACATAGCGTTGCCTTGGTAGGTCCGGCAGCGGAGGAATTCTTTGACCCGGTTCCTGAACAGGATCTATTCGAGGCGCTGAGGGAAACCTTGAAGCTATGGAACTCGCAGCCCGACTGGGCCGGCGATGAGCGAAATGTAGTGCTTACGTTGTCCCGCATTTGGTACAGCGCAATAACCGGCAAAATCGCGCCGAAGGATGTCGCTGCCGACTGGGCAATAAAACGCCTACCTGCCCAGTATCAGCCCGTCTTACTTGAAGCTAAGCAAGCTTATCTGGGACAAAAAGAAGATCACTTGGCCTCACGCGCAGATCACTTGGAAGAATTTATTCGCTTTGTGAAAGGCGAGATCATCAAGTCAGTTGGTAAATGA
lcl|AF261825.2_cds_AAK02047.1_30,348,ATGAAAGGCTGGCTTTTTCTTGTTATCGCAATAGTTGGCGAAGTAATCGCAACATCCGCATTAAAATCTAGCGAGGGCTTTACTAAGCTTGCCCCTTCCGCCGTTGTCATAATCGGTTATGGCATCGCATTTTATTTTCTTTCTCTGGTTCTGAAATCCATCCCTGTCGGTGTTGCTTATGCAGTCTGGTCGGGACTCGGCGTCGTCATAATTACAGCCATTGCCTGGTTGCTTCATGGGCAAAAGCTTGATGCGTGGGGCTTTGTAGGTATGGGGCTCATAATTGCTGCCTTTTTGCTCGCCCGATCCCCATCGTGGAAGTCGCTGCGGAGGCCGACGCCATGGTGA
lcl|AF261825.2_cds_AAK02048.2_31,972,ATGGTGACGGTGTTCGGCATTCTGAATCTCACCGAGGACTCCTTCTTCGATGAGAGCCGGCGGCTAGACCCCGCCGGCGCTGTCACCGCGGCGATCGAAATGCTGCGAGTCGGATCAGACGTCGTGGATGTCGGACCGGCCGCCAGCCATCCGGACGCGAGGCCTGTATCGCCGGCCGATGAGATCAGACGTATTGCGCCGCTCTTAGACGCCCTGTCCGATCAGATGCACCGTGTTTCAATCGACAGCTTCCAACCGGAAACCCAGCGCTATGCGCTCAAGCGCGGCGTGGGCTACCTGAACGATATCCAAGGATTTCCTGACCCTGCGCTCTATCCCGATATTGCTGAGGCGGACTGCAGGCTGGTGGTTATGCACTCAGCGCAGCGGGATGGCATCGCCACCCGCACCGGTCACCTTCGACCCGAAGACGCGCTCGACGAGATTGTGCGGTTCTTCGAGGCGCGGGTTTCCGCCTTGCGACGGAGCGGGGTCGCTGCCGACCGGCTCATCCTCGATCCGGGGATGGACCGGCGATTGGTCCATGGCGAAACGGCCGACCTTGCGCCGACCGGCTTCGGGCAACAGGTCCGCGAAGCCATGGACCAGCGCCGCGAGCATCATATCGAACAGCGCGACGCCACGCGCAACAGGGACGGCCGAATCTTCTACCGGCGCAATCTTCTCGCCACCCTGCGCGAGCGGGAAGTTGCGCGCGCCGGTGCGGAGATGGCCGAGGGCAAGGCGCTGCCGTTCCGCGCCGCCAAGGATGGTGAGAGCGTCAGCGGCAAGTTTACCGGAACCGTGCATCTATCGAGCGGCAAGTTCGCCGTGGTCGAGAAATCCCATGAGTTCACCCTTGTCCCGTGGCGGCCGATCATCGACCGCCAACTCGGCCGCGAGGTTATGGGCATCGTGCAGGGCGGGTCGGTGTCGTGGCAGTTAGGGCGGCAGAGGGGGCTGGAACGCTGA
lcl|AF261825.2_cds_AAK02049.1_32,1215,ATGACCACCACACGCCCCGCGTGGGCCTATACGCTGCCGGCAGCACTGCTGCTGATGGCTCCTTTCGACATCCTCGCTTCACTGGCGATGGATATTTATCTCCCTGTCGTTCCAGCGATGCCCGGCATCCTGAACACGACGCCCGCTATGATCCAACTCACGTTGAGCCTCTATATGGTGATGCTCGGCGTGGGCCAGGTGATTTTTGGTCCGCTCTCAGACAGAATCGGGCGACGGCCAATTCTACTTGCGGGCGCAACGGCTTTCGTCATTGCGTCTCTGGGAGCAGCTTGGTCTTCAACTGCACCGGCCTTTGTCGCTTTCCGTCTACTTCAAGCAGTGGGCGCGTCGGCCATGCTGGTGGCGACGTTCGCGACGGTTCGCGACGTTTATGCCAACCGTCCTGAGGGTGTCGTCATCTACGGCCTTTTCAGTTCGATGCTGGCGTTCGTGCCTGCGCTCGGCCCTATCGCCGGAGCATTGATCGGCGAGTTCTTGGGATGGCAGGCGATATTCATTACTTTGGCTATACTGGCGATGCTCGCACTCCTAAATGCGGGTTTCAGGTGGCACGAAACCCGCCCTCTGGATCAAGTCAAGACGCGCCGATCTGTCTTGCCGATCTTCGCGAGTCCGGCTTTTTGGGTTTACACTGTCGGCTTTAGCGCCGGTATGGGCACCTTCTTCGTCTTCTTCTCGACGGCTCCCCGTGTGCTCATAGGCCAAGCGGAATATTCCGAGATCGGATTCAGCTTTGCCTTCGCCACTGTCGCGCTTGTAATGATCGTGACAACCCGTTTCGCGAAGTCCTTTGTCGCCAGATGGGGCATCGCAGGATGCGTGGCGCGTGGGATGGCGTTGCTTGTTTGCGGAGCGGTCCTGTTGGGGATCGGCGAACTTTACGGCTCGCCGTCATTCCTCACCTTCATCCTACCGATGTGGGTTGTCGCGGTCGGTATTGTCTTCACGGTGTCCGTTACCGCGAACGGCGCTTTGGCAGAGTTCGACGACATCGCGGGATCAGCGGTCGCGTTCTACTTCTGCATCCAAAGCCTGATAGTCAGTATCGTCGGGACATTGGCGGTGACGCTGTTAAACGGCGATACAGCGTGGCCCGTGATTTGTTACGCCACGGCAATGGCAGTGCTGGTGTCGTTGGGGCTGGCGCTCCTTCGATCCCGTGATGCTGCCACCGAGAAGTCGCCAGTCGTCTAG
lcl|AF261825.2_cds_AAK02050.1_33,627,ATGACCAAACTGGACAAGGGCACCGTGATCGCGGCGGCGCTAGAGCTGTTGAACGAGGTTGGCATGGACAGCCTGACGACGCGGAAGCTCGCTGAACGCCTCAAGGTTCAGCAGCCTGCGCTTTACTGGCATTTCCAGAACAAGCGAGCGCTGCTTGATGCGCTCGCCGAGGCGATGCTGGCGGAACGCCATACCCGCTCGCTACCCGAAGAGAATGAGGACTGGCGGGTGTTCCTGAAAGAGAATGCCCTGAGCTTCAGAACGGCGTTGCTCTCTTATCGGGACGGCGCGCGTATCCATGCCGGCACTCGACCGACAGAACCGAATTTTGGCACCGCCGAGACGCAAATACGCTTTCTCTGCGCGGAGGGCTTTTGTCCGAAGCGCGCCGTTTGGGCGCTCCGGGCGGTCAGTCACTATGTGGTCGGTTCCGTTCTCGAGCAGCAGGCATCTGATGCCGATGAGAGAGTTCCGGACAGGCCAGATGTGTCCGAGCAAGCACCGTCGTCCTTCCTGCACGATCTGTTTCACGAGTTGGAAACAGACGGCATGGATGCTGCGTTCAACTTCGGACTCGACAGCCTCATCGCTGGTTTCGAGCGGCTGCGTTCATCTACAACAGATTAG
lcl|AF261825.2_cds_AAK02051.1_34,1128,ATGGGTCTCGGCCTCATCATGCCCGTCCTTCCGACGCTTCTGCGTGAGCTTGTGCCAGCAGAGCAGGTCGCTGGACACTATGGTGCCTTGCTGTCGCTCTATGCATTGATGCAGGTCGTCTTCGCGCCCATGCTTGGACAGCTTTCGGATTCTTACGGTCGGCGTCCGGTACTTCTGGCTTCTCTTGCAGGAGCCGCAGTCGATTACACGATTATGGCATCAGCGCCGGTCTTATGGGTGCTCTATATCGGCCGACTCGTGTCCGGCGTCACGGGCGCAACCGGAGCTGTAGCAGCCTCAACCATTGCCGATTCGACGGGGGAAGGTTCTCGCGCACGCTGGTTCGGCTACATGGGGGCCTGTTATGGGGCGGGCATGATTGCCGGGCCAGCACTTGGTGGCATGCTCGGTGGTATCTCTGCTCATGCCCCGTTTATCGCCGCCGCCCTTCTCAACGGGTTCGCGTTCCTGCTTGCCTGCATTTTCCTCAAGGAGACTCATCACAGCCATGGCGGGACCGGAAAGCCGGTTCGCATCAAACCATTCGTTCTGTTACGGCTGGATGATGCATTGCGCGGGCTAGGTGCGCTTTTCGCAGTTTTCTTCATTATTCAACTGATCGGCCAAGTGCCTGCAGCCCTATGGGTCATATATGGCGAGGACCGTTTTCAGTGGAACACCGCGACCGTTGGTTTGTCGCTCGCGGCGTTTGGGGCAACACATGCGATCTTCCAAGCGTTTGTTACCGGCCCGCTTTCAAGCCGGCTTGGAGAGCGGCGCACGCTGCTGTTTGGCATGGCTGCGGATGCGACTGGCTTCGTTCTTCTGGCTTTTGCCACGCAGGGATGGATGGTGTTCCCGATTCTGTTGCTGCTTGCCGCCGGGGGTGTTGGCATGCCGGCCTTGCAGGCAATGCTCTCAAACAATGTCAGCAGTAACAAGCAAGGGGCTTTGCAAGGAACGCTAACGAGCCTCACCAATCTAAGCTCTATCGCAGGACCGCTTGGCTTCACAGCACTCTATTCTGCCACCGCCGGGGCATGGAACGGTTGGGTTTGGATTGTCGGCGCGATCCTCTATTTAATATGTCTGCCAATACTACGCAGACCATTCGCAACTTCATTGTGA
lcl|AF261825.2_cds_AAK02052.1_35,792,ATGCGTAGACTTAGGAGAAATGACGGATTAAATCTGTTGAGCAATCATCTCCTTTCGGGGCGAGTGCCAATGATGACCTTAGTTCACACTCTCGCTGTCGCCGAATATCTCAACTTCCGTCACGCCGCCAACGCGCTCGGCGTTGCACAGTCCAGCGTCAGCGCCCGCGTGAAGGCACTGGAAGAAGACCTCGGCATCCTCTTGTTCGAGCGTCATGCGCGCGGCGTTCGGCTGACCGAGGCCGGACGCCATTTCGTCGAGCGGATAGCCGTAGGTATTGACCAACTCGACCATGCGGTGAAAACCGCCGGCATGGCGGCAGCCGGAGAAAGCGGCCGGCTTCGTATCGGTATCCATGCCCTGATTCCGCATAGCTTCCTCGCAAAGCTGATCGGCCAATACCGCAAGGATTACCCCGATGTTGAAGTCGAGATCGCCGAAGGCCCGGCCCGTGAAGCGGTGGTGCAGCTTCGCGCCGGCAGGTTGGACGTGGCGTTCGTCGCGGGCACGCCCCAACCACCCGACTGCCATTCCCGTCGCACATGGACCGAACCGCTCTTGGCGGTGCTACCGGAACGGCATCCGCTCGCCAAGCGGTCAGCCGTCACATGGCCCGATTTGGCAGGCGAGACGTTCCTTGCGTATAGGAAGTTCAAACGCCCTTTTCGGGCAGTCTGCTGGGTAGGCGGCGGTCGCGCAAGCCCCGTTTTGGGCACGGATCGGACGTCTGTGAGTGGGATTTCGGCATCGCGGGGCCACGCAGCGGCGTTGTCAGCAGCCATGCTTCGCTGA
lcl|AF261825.2_cds_AAK02053.1_36,1485,CTGCCGTCCGCCCACACCGGTTCGCGGTACGCGCGCCACGCGCCCGAGCGCACGCTGCTGTACGCGTTGGTAGAGGCGCACTACCCGGACTTCATTGCACGGATCGAAGCGGAGGGCCGCTCGCTGCCCGGGTATGTCCGCGAGGCGTTCGATGCCTACCTGCGTTGCGGCGTACTCGAGCACGGCTTCCTGCGGGTGGTGTGCGAGCACTGCCGTGCAGAGAGGCTGGTGGCCTTCTCCTGCAAGAAGCGCGGGTTCTGCCCGAGTTGCGGCGCGCGACGCATGGCCGAGAGTGCGCGGCACCTGGTCGAGGAGGTGTTCGGCCCGCGGCCTGTGCGGCAATGGGTGCTGAGCTTTCCGTACCCCTTGCGTTTCCTGTTCGCCAGCAAGCCAGAAGCCATTGGCCCGGTGCTGGGCATCGTGCAGCGCGTGATCGCCGGCTGGTTGGCCGATCAAGCCGGCATCGACCGCGCCAGCGCCCAGTGCGGCGCGGTGACGCTGATCCAGCGTTTCGGCAGCGCGCTGAACCTGAACATCCACTTCCACATGCTGTGGCTCGACGGCGTGTACGTGGAAGCCACCGAGCTGCCGCGGCGCGAACTGCGCCTGCACCGCGCCCGTGCGCCCACCACCGCGCAGTTGACCCAGCTGGCAGCTACCATCGCGCACCGGGTGTGTCGGCACCTGACGCGCAAAGGCTGGCTCGAAGGGGAGGGCGAATCGGCCTTCCTGGCAGACAGCGCTGCAGGCGACGACAGCATGGATGGGCTGCGGATGAGTTCGATCACCTACCGCATCGCCACCGGCCGCGACGCTGGCTGCAAGGTCGTCACGCTGCAAACGCTGCCCGGTGACGCCGGTTCGCTGGAGGGCGAAGCCGGCAAGGTCGGCGGCTTCTCACTGCATGCCGGCGTGGCGGCCGAAGCACACGAAAGCCACAAGCTGGAAAAGCTGTGCCGCTACATCACGCGCCCGGCGATCAGCGAGAAGCGGCTGTCGATAGCGCTCCAGGGCAGGGTGCGTTACCAGCTCAAGACCCCGTGGCGCAATGGCACCACGCATGTGGAATGGGATCCGGTGGATTTCATCGCCAAGCTGGCGGCGCTGGTCCCGCCACCTCGCGCGCATCTCACCCGCTTCCACGGCGTATTCGCCCCGAATGCAAACCTGCGTGCGCAGCTGACGCCCTCGGGGCGCGGCAAGCGGCCTGCGGGCGATGCGGCGCCAGTGGACGTCAGCGCCCACGACGCGCCGCGCAGCCCCGAGGAGAAGCGCCGTGCGATGAGCTGGGCGCAACGGCTCAAGCGGGTCTTTTCCATCGACGTCACCGCCTGCGTCCACTGCGGTGGCACCGTGCGGATCGTCGCCAGCATCGAGGAACCCACCGCCATCCGCGCCATCCTCGCCCACTTCGAGAAGCACGGCGCGCGGGAAGAAGCGCACTACAGGCCCGCAGCGCGCGCGCCGCCAGTGCAAGCCGCGTGA
lcl|AF261825.2_cds_AAK02054.1_37,654,ATGAAAACCGCCACTGCGCCGTTACCACCGCTGCGTTCGGTCAAGGTTCTGGACCAGTTGCGTGAGCGCATACGCTACTTGCATTACAGCTTACCAACCGAACAGGCTTATGTCCACTGGGTTCGTGCCTTCATCCGTTTCCACGGTGTGCGTCACCCGGCAACCTTGGGCAGCAGCGAAGTCGAGGCATTTCTGTCCTGGCTGGCGAACGAGCGCAAGGTTTCGGTCTCCACGCATCGTCAGGCATTGGCGGCCTTGCTGTTCTTCTACGGCAAGGTGCTGTGCACGGATCTGCCCTGGCAGGGCATCAACGAAGACCAGAACCTGGGCATCGCCATCACCCGCCGTGCGCTGGAAGCCCCGCTGCGCGCCATCGTGGCCAACGCCGGTGAAGAACCGAGCGTGATCGTGGCCAACGTCAAGGCCGGCGAAGGCAGCTACGGCTACAACGCCGCCACCGGCGAGTTCGGCGACATGATCGCCATGGGCATCCTGGACCCGACCAAGGTGACCCGCTCGGCCCTGCAGCACGCCGCTTCCGTCGCCGGCCTTGCGATCACGACCGAAGTGGTCGTGGCCGAAGTGCCGAAGAAGGAAGAGCCGGCCATGCCGGGTGCTGGCGGTATGGGCGGCATGGGCGGCATGGATTTCTGA
lcl|AF261825.2_cds_AAK02055.1_38,867,ATGAAGTTTTTATTGGCATTTTCGCTTTTAATACCATCCGTGGTTTTTGCAAGTAGTTCAAAGTTTCAGCAAGTTGAACAAGACGTTAAGGCAATTGAAGTTTCTCTTTCTGCTCGTATAGGTGTTTCCGTTCTTGATACTCAAAATGGAGAATATTGGGATTACAATGGCAATCAGCGCTTCCCGTTAACAAGTACTTTTAAAACAATAGCTTGCGCTAAATTACTATATGATGCTGAGCAAGGAAAAGTTAATCCCAATAGTACAGTCGAGATTAAGAAAGCAGATCTTGTGACCTATTCCCCTGTAATAGAAAAGCAAGTAGGGCAGGCAATCACACTCGATGATGCGTGCTTCGCAACTATGACTACAAGTGATAATACTGCGGCAAATATCATCCTAAGTGCTGTAGGTGGCCCCAAAGGCGTTACTGATTTTTTAAGACAAATTGGGGACAAAGAGACTCGTCTAGACCGTATTGAGCCTGATTTAAATGAAGGTAAGCTCGGTGATTTGAGGGATACGACAACTCCTAAGGCAATAGCCAGTACTTTGAATAAATTTTTATTTGGTTCCGCGCTATCTGAAATGAACCAGAAAAAATTAGAGTCTTGGATGGTGAACAATCAAGTCACTGGTAATTTACTACGTTCAGTATTGCCGGCGGGATGGAACATTGCGGATCGCTCAGGTGCTGGCGGATTTGGTGCTCGGAGTATTACAGCAGTTGTGTGGAGTGAGCATCAAGCCCCAATTATTGTGAGCATCTATCTAGCTCAAACACAGGCTTCAATGGCAGAGCGAAATGATGCGATTGTTAAAATTGGTCATTCAATTTTTGACGTTTATACATCACAGTCGCGCTGA
lcl|AF261825.2_cds_AAK02056.1_39,348,ATGAAAGGCTGGCTTTTTCTTGTTATCGCAATAGTTGGCGAAGTAATCGCAACATCCGCATTAAAATCTAGCGAGGGCTTTACTAAGCTTGCCCCTTCCGCCGTTGTCATAATCGGTTATGGCATCGCATTTTATTTTCTTTCTCTGGTTCTGAAATCCATCCCTGTCGGTGTTGCTTATGCAGTCTGGTCGGGACTCGGCGTCGTCATAATTACAGCCATTGCCTGGTTGCTTCATGGGCAAAAGCTTGATGCGTGGGGCTTTGTAGGTATGGGGCTCATAATTGCTGCCTTTTTGCTCGCCCGATCCCCATCGTGGAAGTCGCTGCGGAGGCCGACGCCATGGTGA
lcl|AF261825.2_cds_AAG03004.2_40,840,ATGGTGACGGTGTTCGGCATTCTGAATCTCACCGAGGACTCCTTCTTCGATGAGAGCCGGCGGCTAGACCCCGCCGGCGCTGTCACCGCGGCGATCGAAATGCTGCGAGTCGGATCAGACGTCGTGGATGTCGGACCGGCCGCCAGCCATCCGGACGCGAGGCCTGTATCGCCGGCCGATGAGATCAGACGTATTGCGCCGCTCTTAGACGCCCTGTCCGATCAGATGCACCGTGTTTCAATCGACAGCTTCCAACCGGAAACCCAGCGCTATGCGCTCAAGCGCGGCGTGGGCTACCTGAACGATATCCAAGGATTTCCTGACCCTGCGCTCTATCCCGATATTGCTGAGGCGGACTGCAGGCTGGTGGTTATGCACTCAGCGCAGCGGGATGGCATCGCCACCCGCACCGGTCACCTTCGACCCGAAGACGCGCTCGACGAGATTGTGCGGTTCTTCGAGGCGCGGGTTTCCGCCTTGCGACGGAGCGGGGTCGCTGCCGACCGGCTCATCCTCGATCCGGGGATGGGATTTTTCTTGAGCCCCGCACCGGAAACATCGCTGCACGTGCTGTCGAACCTTCAAAAGCTGAAGTCGGCGTTGGGGCTTCCGCTATTGGTCTCGGTGTCGCGGAAATCCTTCTTGGGCGCCACCGTTGGCCTTCCTGTAAAGGATCTGGGTCCAGCGAGCCTTGCGGCGGAACTTCACGCGATCGGCAATGGCGCTGACTACGTCCGCACCCACGCGCCTGGAGATCTGCGAAGCGCAATCACCTTCTCGGAAACCCTCGCGAAATTTCGCAGTCGCGACGCCAGAGACCGAGGGTTAGATCATGCCTAG
lcl|AF261825.2_cds_AAG03005.1_41,501,ATGGACAGCGAGGAGCCTCCGAACGTTCGGGTCGCCTGCTCGGGTGATATCGACGAGGTTGTGCGGCTGATGCACGACGCTGCGGCGTGGATGTCCGCCAAGGGAACGCCCGCCTGGGACGTCGCGCGGATCGACCGGACATTCGCGGAGACCTTCGTCCTGAGATCCGAGCTCCTAGTCGCGAGTTGCAGCGACGGCATCGTCGGCTGTTGCACCTTGTCGGCCGAGGATCCCGAGTTCTGGCCCGACGCCCTCAAGGGGGAGGCCGCATATCTGCACAAGCTCGCGGTGCGACGGACACATGCGGGCCGGGGTGTCAGCTCCGCGCTGATCGAGGCTTGCCGCCATGCCGCGCGAACGCAGGGGTGCGCCAAGCTGCGGCTCGACTGCCACCCGAACCTGCGTGGCCTATACGAGCGGCTCGGATTCACCCACGTCGACACTTTCAATCCCGGCTGGGATCCAACCTTCATCGCAGAACGCCTAGAACTCGAAATCTAA
lcl|AF261825.2_cds_AAG03006.1_42,288,ATGTCGGGGTGGGACGGGCCCGTGGCTTCAAGATCACTTGCAGTCCGACCGCGATGTCTTGGTTGCGCGAGAGGTTGTCGATATCCTCCACTTCCATCATCAACCCTGGATAATGCCGCCGCCGTCATCGCCGCCGACGCCCGTGCCGGGCTTTTCGGGCCTGTCAGGCTTGCTCGGCCTTCAGCCTGCCTGGGCGAGATCTCCGGCGGACGGATTAACGGCGGAGCTTCGCCGCCTTTCGTGCGTGTGAAGGCCGAAGATAGTTCTCTCAAAAACATCCGTTTATGA
lcl|AF261825.2_cds_AAG03007.1_43,795,ATGCTTGGCGGAGATTGGACGGACGGAACGATGACGGATTTCAAGTGGCGCCATTTCCAGGGTGATGTGATCCTGTGGGCGGTGCGCTGGTATTGTCGCTATCCGATCAGCTATCGCGACCTTGAGGAAATGCTGGCGGAACGCGGCATTTCGGTCGACCATACGACGATCTATCGCTGGGTCCAGTGCTACGCCCCGGAGATGGAGAAGCGGCTGCGCTGGTTCTGGCGGCGTGGCTTTGATCCGAGCTGGCGCCTGGATGAAACCTACGTCAAGGTGCGGGGCAAGTGGACCTACCTGTACCGGGCAGTCGACAAGCGGGGCGACACGATCGATTTCTACCTGTCGCCGACCCGCAGCGCCAAGGCAGCGAAGCGGTTCCTGGGCAAGGCCCTGCGAGGCCTGAAGCACTGGGAAAAGCCTGCCACGCTCAATACCGACAAAGCGCCGAGCTATGGTGCAGCGATCACCGAATTGAAGCGCGAAGGAAAGCTGGACCGGGAGACGGCCCACCGGCAGGTGAAGTATCTCAATAACGTGATCGAGGCCGATCACGGAAAGCTCAAGATACTGATCAAGCCGGTGCGCGGTTTCAAATCGATCCCCACGGCCTATGCCACGATCAAGGGATTCGAAGTCATGCGAGCCCTGCGCAAAGGACAGGCTCGCCCCTGGTGCCTGCAGCCCGGCATCAGGGGCGAGGTGCGCCTTGTGGAGAGAGCTTTTGGCATTGGGCCCTCGGCGCTGACGGAGGCCATGGGCATGCTCAACCACCATTTCGCAGCAGCCGCCTGA
lcl|AF261825.2_cds_AAG03008.1_44,630,ATGCCAGTCACTATTAGCATTTCCGATGATGTGTACCGCAGATTGGAAGCGTTGGCTGTCGGATTCGACACACCAGAGAGAGTTATCGAGCGATTGCTCGACTCGGTTGAGGAGGGCGGACCCAAGTCAAGCGAAAACAAACCGTCCCTAACCTTTGTCCCTGATGAGACTGCTTTCAAAAATGAGCTGATAGCTCGCAAGAAGGCACAGGTCGTTCTTCATTTGAAAAACGGTGAACGAGATGTCATTCATTGGAATGCGTCTAGATTCCAACCCAGTTCAAATCTTCGAGCTAATTTATGGTCTGGCATTCTGAGAAACTGGAAGGATAAAGGGATCACCTCTGCTGAACTTTCGGTTCTACCCAGGAGCCACAATCATCCCGACGACAATACAGATCTATTAATAGCTATTGCCGGAGAAGTTCATTGGACGCTCGAAGAGGTAGAGCAGTACTTCGTTGATTACGATCTGGTAGGCAGTGACGACGGCCATCCTTACTATTACCTAGCGACGTTCAGTGATGAGACACCTGACGAGCTGAAGCGAATTGCAGGGCTGAACAGCTCAAATCAACTTCACATGGGTCTAAACATAGTTCCGGATGAAGATCAGGGAGAATTCGAGTAG
lcl|AF261825.2_cds_AAG03009.1_45,963,ATGTTTGAAGAAACTATTAAAAAACAATTTGAATTGTTAGACATAAGTAACTTCAATGTTGATATATCTCATCGTCTCCTTTTCGTGTGTGGTGGCAAAGTCGATGTACGTGCACCAATTCCCCCCAGTTTTAGGGATAGACTACTCACTTACACAGCAAAAAATGCCTCTGAACTTCACGAACATTTCATTCTAGCTGAGACATTCAAGGATTATTTTAAAGAGAATGCCTATCCGGACCTTCTGGTGTTTGAAGATGATATAGCCAGTATTTCATCTCTTATTATCATTTTTTTAGAAAGCCCAGGATCATTAGTTGAGTTAGGTATATTTTGCAACAAATCAGAACTATTTAAAAAAATACTGATTGTTGCTTCAGCGGAAGAAGTATACGGTGAGGACTCATTCATTTATTTAGGCCCACTAGAGTATATTAAGAAGAAAGTCTCATCCTCTGTTGTAATCTATCCTTGGCCGGATCCTGAAGTCTTAAAATACGATAATGATTTTCTTGATGATTTATGTGTAAATATAAAAGAAAAACTTTCATCAATCCCAAAAACAGAACAATTCAGTAAGGATAATTCTGGACATATAGCACTTCTAATTACTGAAATTATATCTCTTTGCGCCCCAATACAACTTAGTGAAATAGAATCAGCCCTAAACTCATTAGGGATTAATATTTCAACAAAAATTATTAACAGATCAATTTATTTACTTCAGAAAGTTGGTTTTATAGACGTTTTATCATATAGCTCAAACAAATATTACTTTCCATTAAAAGAGCGCAAATGGGTAAAATTTGGTAAAACTAAAGATAATAAACTCATAGATAATCAACAATTAAAAATGAAGGTTAGACAATCTTTTGTAACATTAACCGATCCATTATCAAAACGAAGAATTACAGCGCTGCGTCAAATAATAGCAAAAAAAGAAATGGCTGAGGAGATTAATTAA
lcl|AF261825.2_cds_AAG03010.1_46,936,ATGGACATATTACAGCATATTTCAGATTTACTATTAACCAAGAAAAGTGAAATCATTTCCTTTTCATTGACGGCACCTTATCGCTATAAAATATATAAAATTGCAAAAAGAAACTCAGATAAGAAGAGAACTATTGCTCATCCTTCGAAAGAACTAAAATTTATACAACGTGAAATTACTGAGTATTTAACCGATAAATTACCCGTTCATGAATGCGCATTTGCATATAAAAAGGGCAGTAGCATTAAGACCAACGCTCAAGTTCATCTTCATACAAAATACTTGTTGAAGATGGATTTTGAGAATTTTTTCCCTAGCATAACACCACGTCTATTTTTCTCAAAGTTACGACTTGCAAATATTGATTTAACTGCAGATGATAAAGTACTACTTGAGAATATATTATTCTTCAAATCCAAGAGAAATAGTAATTTAAGATTAAGTATTGGAGCACCAAGCTCACCTTTAATATCAAATTTTGTGATGTACTTTTGGGATATTGAGGTTCAAGAGATATGCTCTAAAATAGGCGTTAACTATACTCGTTATGCTGATGATTTAACCTTTTCAACAAATAATAAAGATGTTTTGTTTGATATACCTGACATGCTTGAAAACGTACTGCCTAAATATTCTTTAGGTAGGATTAGAATCAATCATGAAAAAACAGTGTTTTCTTCAAAAGGACATAACCGTCACGTTACTGGTATAACTCTAACAAACGATAACAAATTATCCATAGGTAGAGAAAGGAAAAGAAAAATCTCTGCCATGATCCATCATTTTATAAATGGGAAATTATCTACTGACGAATGCAATAAATTAGTCGGGCTACTTGCATTTGCTAAAAATATTGAGCCTTCGTTTTATAAAAGCATGGTCATTAAATATGGATCTGATAATATTTATAAATTACAAAAACAAAAAGACAAATAA
lcl|AF261825.2_cds_AAG03011.1_47,628,ATGAAACGTTTTCTACTGTGTAGTTTTGCCCTGGTTTTACTCTATCCTGCCGGTATTGATATGTATCTGGTCGGTTTACCGCGTATAGCCGCCGATCTGAACGCCAGCGAGGCGCAGTTGCATATCGCCTTCTCCGTTTACCTAGCCGGAATGGCGACGGCCATGCTGTTTGCCGGGAAGATAGCCGACCAGTCAGGCCGCAAGCCGGTCGCGATCGTCGGCGCGCTCGTCTTTATGATGGCCTCACTGCTTTGTTCACGGGCGTCGGAAGGCTCGCTATTTCTGAGTGGGCGTTTTCTTCAGGGAGTAGGCGCAGGCGGCTGCTATGTGGTGGCGTTCGCCATTCTGCGCGACACGCTCGACGAGCATCGCCGGGCGAAAGTGCTGTCATTATTGAATGGGATTACCTGTATTGTGCCGGTACTCGCCCCGGTGGTGGGGCATTTGATTATGCTTCGTTTCCCCTGGCAAAGTCTGTTCTATACGATGTCCGCGATGGGCATTATTGTGGGCCTGTTATCACTGTTTATCCTGCGCGAGACGCGCCCGGTAAGGCTGGCTCCACGCGATTTATCACGATCGTCGCCCGCCGCCGAGTCGCTGATTAACCGTTTTTTCGTTAGTCGAC
