1__fliC__fliC-H1__1	0	0	.	.	Original name: 1__fliC__fliC-H1__1 AB028471.1;flagellin;H1
1__fliC__fliC-H1__2	0	0	.	.	Original name: 1__fliC__fliC-H1__2 L07387.1;flagellin;H1
1__fliC__fliC-H10__3	0	0	.	.	Original name: 1__fliC__fliC-H10__3 AY337482.1;flagellin;H10
1__fliC__fliC-H10__4	0	0	.	.	Original name: 1__fliC__fliC-H10__4 AY249995.1;flagellin;H10
1__fliC__fliC-H11__5	0	0	.	.	Original name: 1__fliC__fliC-H11__5 AY337465.1;flagellin;H11
1__fliC__fliC-H11__6	0	0	.	.	Original name: 1__fliC__fliC-H11__6 AY337472.1;flagellin;H11
1__fliC__fliC-H12__7	0	0	.	.	Original name: 1__fliC__fliC-H12__7 AY337471.1;flagellin;H12
1__fliC__fliC-H12__8	0	0	.	.	Original name: 1__fliC__fliC-H12__8 AY337474.1;flagellin;H12
1__fliC__fliC-H12__9	0	0	.	.	Original name: 1__fliC__fliC-H12__9 AY249997.1;flagellin;H12
1__fliC__fliC-H14__10	0	0	.	.	Original name: 1__fliC__fliC-H14__10 AY249998.1;flagellin;H14
1__fliC__fliC-H15__11	0	0	.	.	Original name: 1__fliC__fliC-H15__11 AY249999.1;flagellin;H15
1__fliC__fliC-H16__12	0	0	.	.	Original name: 1__fliC__fliC-H16__12 AY337475.1;flagellin;H16
1__fliC__fliC-H16__13	0	0	.	.	Original name: 1__fliC__fliC-H16__13 AY337476.1;flagellin;H16
1__fliC__fliC-H16__14	0	0	.	.	Original name: 1__fliC__fliC-H16__14 AY337477.1;flagellin;H16
1__fliC__fliC-H18__15	0	0	.	.	Original name: 1__fliC__fliC-H18__15 AY250001.1;flagellin;H18
1__fliC__fliC-H19__16	0	0	.	.	Original name: 1__fliC__fliC-H19__16 AY337479.1;flagellin;H19
1__fliC__fliC-H19__17	0	0	.	.	Original name: 1__fliC__fliC-H19__17 AY250002.1;flagellin;H19
1__fliC__fliC-H2__18	0	0	.	.	Original name: 1__fliC__fliC-H2__18 AF543692;flagellin;H2
1__fliC__fliC-H2__19	0	0	.	.	Original name: 1__fliC__fliC-H2__19 HQ116826;flagellin;H2
1__fliC__fliC-H20__20	0	0	.	.	Original name: 1__fliC__fliC-H20__20 AY250003.1;flagellin;H20
1__fliC__fliC-H21__21	0	0	.	.	Original name: 1__fliC__fliC-H21__21 AY250004.1;flagellin;H21
1__fliC__fliC-H23__22	0	0	.	.	Original name: 1__fliC__fliC-H23__22 AY250005.1;flagellin;H23
1__fliC__fliC-H24__23	0	0	.	.	Original name: 1__fliC__fliC-H24__23 AY250006.1;flagellin;H24
1__fliC__fliC-H25__24	0	0	.	.	Original name: 1__fliC__fliC-H25__24 AY250007.1;flagellin;H25
1__fliC__fliC-H26__25	0	0	.	.	Original name: 1__fliC__fliC-H26__25 AY250008.1;flagellin;H26
1__fliC__fliC-H27__26	0	0	.	.	Original name: 1__fliC__fliC-H27__26 AY250009.1;flagellin;H27
1__fliC__fliC-H28__27	0	0	.	.	Original name: 1__fliC__fliC-H28__27 AY250010.1;flagellin;H28
1__fliC__fliC-H29__28	0	0	.	.	Original name: 1__fliC__fliC-H29__28 AY250012.1;flagellin;H29
1__fliC__fliC-H30__29	0	0	.	.	Original name: 1__fliC__fliC-H30__29 AY250011.1;flagellin;H30
1__fliC__fliC-H31__30	0	0	.	.	Original name: 1__fliC__fliC-H31__30 AY250013.1;flagellin;H31
1__fliC__fliC-H32__31	0	0	.	.	Original name: 1__fliC__fliC-H32__31 AY250014.1;flagellin;H32
1__fliC__fliC-H33__32	0	0	.	.	Original name: 1__fliC__fliC-H33__32 AY250015.1;flagellin;H33
1__fliC__fliC-H34__33	0	0	.	.	Original name: 1__fliC__fliC-H34__33 AY250016.1;flagellin;H34
1__fliC__fliC-H34__34	0	0	.	.	Original name: 1__fliC__fliC-H34__34 AF34585;flagellin;H34
1__fliC__fliC-H37__35	0	0	.	.	Original name: 1__fliC__fliC-H37__35 AY250017.1;flagellin;H37
1__fliC__fliC-H38__36	0	0	.	.	Original name: 1__fliC__fliC-H38__36 AY337466.1;flagellin;H38
1__fliC__fliC-H38__37	0	0	.	.	Original name: 1__fliC__fliC-H38__37 AY337473.1;flagellin;H38
1__fliC__fliC-H38__38	0	0	.	.	Original name: 1__fliC__fliC-H38__38 AY250018.1;flagellin;H38
1__fliC__fliC-H39__39	0	0	.	.	Original name: 1__fliC__fliC-H39__39 AY250019.1;flagellin;H39
1__fliC__fliC-H4__40	0	0	.	.	Original name: 1__fliC__fliC-H4__40 AJ536600.1;flagellin;H4
1__fliC__fliC-H4__41	0	0	.	.	Original name: 1__fliC__fliC-H4__41 AJ605764.1;flagellin;H4
1__fliC__fliC-H4__42	0	0	.	.	Original name: 1__fliC__fliC-H4__42 AJ605765.1;flagellin;H4
1__fliC__fliC-H40__43	0	0	.	.	Original name: 1__fliC__fliC-H40__43 AJ865464.1;flagellin;H40
1__fliC__fliC-H40__44	0	0	.	.	Original name: 1__fliC__fliC-H40__44 AJ884568.1;flagellin;H40
1__fliC__fliC-H41__45	0	0	.	.	Original name: 1__fliC__fliC-H41__45 AY250020.1;flagellin;H41
1__fliC__fliC-H42__46	0	0	.	.	Original name: 1__fliC__fliC-H42__46 AY250021.1;flagellin;H42
1__fliC__fliC-H43__47	0	0	.	.	Original name: 1__fliC__fliC-H43__47 AY250022.1;flagellin;H43
1__fliC__fliC-H45__48	0	0	.	.	Original name: 1__fliC__fliC-H45__48 AY250023.1;flagellin;H45
1__fliC__fliC-H46__49	0	0	.	.	Original name: 1__fliC__fliC-H46__49 AB028478.1;flagellin;H46
1__fliC__fliC-H46__50	0	0	.	.	Original name: 1__fliC__fliC-H46__50 AY250024.1;flagellin;H46
1__fliC__fliC-H48__51	0	0	.	.	Original name: 1__fliC__fliC-H48__51 AY250025.1;flagellin;H48
1__fliC__fliC-H49__52	0	0	.	.	Original name: 1__fliC__fliC-H49__52 AB028480.1;flagellin;H49
1__fliC__fliC-H49__53	0	0	.	.	Original name: 1__fliC__fliC-H49__53 AY250026.1;flagellin;H49
1__fliC__fliC-H5__54	0	0	.	.	Original name: 1__fliC__fliC-H5__54 AY337469.1;flagellin;H5
1__fliC__fliC-H5__55	0	0	.	.	Original name: 1__fliC__fliC-H5__55 AY249990.1;flagellin;H5
1__fliC__fliC-H51__56	0	0	.	.	Original name: 1__fliC__fliC-H51__56 AB028481.1;flagellin;H51
1__fliC__fliC-H51__57	0	0	.	.	Original name: 1__fliC__fliC-H51__57 AY250027.1;flagellin;H51
1__fliC__fliC-H52__58	0	0	.	.	Original name: 1__fliC__fliC-H52__58 AY250028.1;flagellin;H52
1__fliC__fliC-H56__59	0	0	.	.	Original name: 1__fliC__fliC-H56__59 AY250029.1;flagellin;H56
1__fliC__fliC-H6__60	0	0	.	.	Original name: 1__fliC__fliC-H6__60 AY249991.1;flagellin;H6
1__fliC__fliC-H7__61	0	0	.	.	Original name: 1__fliC__fliC-H7__61 AF228487.1;flagellin;H7
1__fliC__fliC-H7__62	0	0	.	.	Original name: 1__fliC__fliC-H7__62 AF228491.1;flagellin;H7
1__fliC__fliC-H7__63	0	0	.	.	Original name: 1__fliC__fliC-H7__63 AF228492.1;flagellin;H7
1__fliC__fliC-H7__64	0	0	.	.	Original name: 1__fliC__fliC-H7__64 AF228494.1;flagellin;H7
1__fliC__fliC-H7__65	0	0	.	.	Original name: 1__fliC__fliC-H7__65 AF228495.1;flagellin;H7
1__fliC__fliC-H7__66	0	0	.	.	Original name: 1__fliC__fliC-H7__66 AF228496.1;flagellin;H7
1__fliC__fliC-H7__67	0	0	.	.	Original name: 1__fliC__fliC-H7__67 AY337468.1;flagellin;H7
1__fliC__fliC-H7__68	0	0	.	.	Original name: 1__fliC__fliC-H7__68 AB334574.1;flagellin;H7
1__fliC__fliC-H7__69	0	0	.	.	Original name: 1__fliC__fliC-H7__69 AB334575.1;flagellin;H7
1__fliC__fliC-H8__70	0	0	.	.	Original name: 1__fliC__fliC-H8__70 AJ865465.1;flagellin;H8
1__fliC__fliC-H8__71	0	0	.	.	Original name: 1__fliC__fliC-H8__71 AJ884569.1;flagellin;H8
1__fliC__fliC-H9__72	0	0	.	.	Original name: 1__fliC__fliC-H9__72 AY249994.1;flagellin;H9
2__flkA__flkA-H3__73	0	0	.	.	Original name: 2__flkA__flkA-H3__73 AB128916;flagellin;H3
2__flkA__flkA-H35__74	0	0	.	.	Original name: 2__flkA__flkA-H35__74 EF392692;flagellin;H35
2__flkA__flkA-H36__75	0	0	.	.	Original name: 2__flkA__flkA-H36__75 EF392693;flagellin;H36
2__flkA__flkA-H47__76	0	0	.	.	Original name: 2__flkA__flkA-H47__76 EF392694;flagellin;H47
2__flkA__flkA-H53__77	0	0	.	.	Original name: 2__flkA__flkA-H53__77 AB128917;flagellin;H53
3__fllA__fllA-H44__78	0	0	.	.	Original name: 3__fllA__fllA-H44__78 AB269770;flagellin;H44
3__fllA__fllA-H55__79	0	0	.	.	Original name: 3__fllA__fllA-H55__79 AB269771;flagellin;H55
4__flmA__flmA-H54__80	0	0	.	.	Original name: 4__flmA__flmA-H54__80 AB128918;flagellin;H54
5__flnA__flnA-H17__81	0	0	.	.	Original name: 5__flnA__flnA-H17__81 CP002291;flagellin;H17
6__wzm__wzm-O101-Gp15__82	0	0	.	.	Original name: 6__wzm__wzm-O101-Gp15__82 AB812046.1;O-antigen ABC transporter permease;O101
6__wzm__wzm-O162-Gp15__83	0	0	.	.	Original name: 6__wzm__wzm-O162-Gp15__83 AB812067.1;O-antigen ABC transporter permease;O162
6__wzm__wzm-O52__84	0	0	.	.	Original name: 6__wzm__wzm-O52__84 AY528413.1;O-antigen ABC transporter permease;O52
6__wzm__wzm-O60__85	0	0	.	.	Original name: 6__wzm__wzm-O60__85 AB812022.1;O-antigen ABC transporter permease;O60
6__wzm__wzm-O8__86	0	0	.	.	Original name: 6__wzm__wzm-O8__86 AB010150.1;O-antigen ABC transporter permease;O8
6__wzm__wzm-O8__87	0	0	.	.	Original name: 6__wzm__wzm-O8__87 AB811598.1;O-antigen ABC transporter permease;O8
6__wzm__wzm-O89-Gp15__88	0	0	.	.	Original name: 6__wzm__wzm-O89-Gp15__88 AB812038.1;O-antigen ABC transporter permease;O89
6__wzm__wzm-O9__89	0	0	.	.	Original name: 6__wzm__wzm-O9__89 AB010294.1;O-antigen ABC transporter permease;O9
6__wzm__wzm-O9__90	0	0	.	.	Original name: 6__wzm__wzm-O9__90 D43637;O-antigen ABC transporter permease;O9
6__wzm__wzm-O92__91	0	0	.	.	Original name: 6__wzm__wzm-O92__91 AB812040.1;O-antigen ABC transporter permease;O92
6__wzm__wzm-O95__92	0	0	.	.	Original name: 6__wzm__wzm-O95__92 AB812042.1;O-antigen ABC transporter permease;O95
6__wzm__wzm-O97__93	0	0	.	.	Original name: 6__wzm__wzm-O97__93 AB812044.1;O-antigen ABC transporter permease;O97
6__wzm__wzm-O99__94	0	0	.	.	Original name: 6__wzm__wzm-O99__94 FJ940773.1;O-antigen ABC transporter permease;O99
7__wzt__wzt-O101-Gp15__95	0	0	.	.	Original name: 7__wzt__wzt-O101-Gp15__95 AB812046.1;ATP-binding protein;O101
7__wzt__wzt-O162-Gp15__96	0	0	.	.	Original name: 7__wzt__wzt-O162-Gp15__96 AB812067.1;ATP-binding protein;O162
7__wzt__wzt-O52__97	0	0	.	.	Original name: 7__wzt__wzt-O52__97 AY528413.1;ATP-binding protein;O52
7__wzt__wzt-O60__98	0	0	.	.	Original name: 7__wzt__wzt-O60__98 AB812022.1;ATP-binding protein;O60
7__wzt__wzt-O8__99	0	0	.	.	Original name: 7__wzt__wzt-O8__99 AB010150.1;ATP-binding protein;O8
7__wzt__wzt-O8__100	0	0	.	.	Original name: 7__wzt__wzt-O8__100 AB811598.1;ATP-binding protein;O8
7__wzt__wzt-O89-Gp15__101	0	0	.	.	Original name: 7__wzt__wzt-O89-Gp15__101 AB812038.1;ATP-binding protein;O89
7__wzt__wzt-O9__102	0	0	.	.	Original name: 7__wzt__wzt-O9__102 AB010294.1;ATP-binding protein;O9
7__wzt__wzt-O9__103	0	0	.	.	Original name: 7__wzt__wzt-O9__103 D43637;ATP-binding protein;O9
7__wzt__wzt-O92__104	0	0	.	.	Original name: 7__wzt__wzt-O92__104 AB812040.1;ATP-binding protein;O92
7__wzt__wzt-O95__105	0	0	.	.	Original name: 7__wzt__wzt-O95__105 AB812042.1;ATP-binding protein;O95
7__wzt__wzt-O97__106	0	0	.	.	Original name: 7__wzt__wzt-O97__106 AB812044.1;ATP-binding protein;O97
7__wzt__wzt-O99__107	0	0	.	.	Original name: 7__wzt__wzt-O99__107 FJ940773.1;ATP-binding protein;O99
8__wzx__wzx-O1__108	0	0	.	.	Original name: 8__wzx__wzx-O1__108 GU299791.1;O antigen flippase;O1
8__wzx__wzx-O10__109	0	0	.	.	Original name: 8__wzx__wzx-O10__109 AB811599.1;O antigen flippase;O10
8__wzx__wzx-O100__110	0	0	.	.	Original name: 8__wzx__wzx-O100__110 AB812045.1;O antigen flippase;O100
8__wzx__wzx-O102__111	0	0	.	.	Original name: 8__wzx__wzx-O102__111 JX087966.1;O antigen flippase;O102
8__wzx__wzx-O102__112	0	0	.	.	Original name: 8__wzx__wzx-O102__112 AB812047.1;O antigen flippase;O102
8__wzx__wzx-O103__113	0	0	.	.	Original name: 8__wzx__wzx-O103__113 AY532664.1;O antigen flippase;O103
8__wzx__wzx-O103__114	0	0	.	.	Original name: 8__wzx__wzx-O103__114 AB704860.1;O antigen flippase;O103
8__wzx__wzx-O104__115	0	0	.	.	Original name: 8__wzx__wzx-O104__115 AF361371.1;O antigen flippase;O104
8__wzx__wzx-O104__116	0	0	.	.	Original name: 8__wzx__wzx-O104__116 CP003301.1;O antigen flippase;O104
8__wzx__wzx-O105__117	0	0	.	.	Original name: 8__wzx__wzx-O105__117 EU294171.1;O antigen flippase;O105
8__wzx__wzx-O106-Gp9__118	0	0	.	.	Original name: 8__wzx__wzx-O106-Gp9__118 DQ000315.1;O antigen flippase;O106
8__wzx__wzx-O107--Gp8__119	0	0	.	.	Original name: 8__wzx__wzx-O107--Gp8__119 EU694095.1;O antigen flippase;O107
8__wzx__wzx-O108__120	0	0	.	.	Original name: 8__wzx__wzx-O108__120 AB812048.1;O antigen flippase;O108
8__wzx__wzx-O109__121	0	0	.	.	Original name: 8__wzx__wzx-O109__121 HM485572.1;O antigen flippase;O109
8__wzx__wzx-O11__122	0	0	.	.	Original name: 8__wzx__wzx-O11__122 HQ388393.1;O antigen flippase;O11
8__wzx__wzx-O110__123	0	0	.	.	Original name: 8__wzx__wzx-O110__123 AB812049.1;O antigen flippase;O110
8__wzx__wzx-O111__124	0	0	.	.	Original name: 8__wzx__wzx-O111__124 AF078736.1;O antigen flippase;O111
8__wzx__wzx-O111__125	0	0	.	.	Original name: 8__wzx__wzx-O111__125 AP010960;O antigen flippase;O111
8__wzx__wzx-O112__126	0	0	.	.	Original name: 8__wzx__wzx-O112__126 EU296413.1;O antigen flippase;O112ab
8__wzx__wzx-O112__127	0	0	.	.	Original name: 8__wzx__wzx-O112__127 AB812050.1;O antigen flippase;O112ac
8__wzx__wzx-O113__128	0	0	.	.	Original name: 8__wzx__wzx-O113__128 AF172324.1;O antigen flippase;O113
8__wzx__wzx-O114__129	0	0	.	.	Original name: 8__wzx__wzx-O114__129 AY573377.1;O antigen flippase;O114
8__wzx__wzx-O115__130	0	0	.	.	Original name: 8__wzx__wzx-O115__130 GU068041.1;O antigen flippase;O115
8__wzx__wzx-O116__131	0	0	.	.	Original name: 8__wzx__wzx-O116__131 AB812051.1;O antigen flippase;O116
8__wzx__wzx-O117-Gp8__132	0	0	.	.	Original name: 8__wzx__wzx-O117-Gp8__132 DQ465247.1;O antigen flippase;O117
8__wzx__wzx-O118-Gp3__133	0	0	.	.	Original name: 8__wzx__wzx-O118-Gp3__133 HM204927.1;O antigen flippase;O118
8__wzx__wzx-O119__134	0	0	.	.	Original name: 8__wzx__wzx-O119__134 GQ499368.1;O antigen flippase;O119
8__wzx__wzx-O12__135	0	0	.	.	Original name: 8__wzx__wzx-O12__135 AB811600.1;O antigen flippase;O12
8__wzx__wzx-O120__136	0	0	.	.	Original name: 8__wzx__wzx-O120__136 AB812052.1;O antigen flippase;O120
8__wzx__wzx-O121__137	0	0	.	.	Original name: 8__wzx__wzx-O121__137 AY208937.1;O antigen flippase;O121
8__wzx__wzx-O123-Gp5__138	0	0	.	.	Original name: 8__wzx__wzx-O123-Gp5__138 DQ676933.1;O antigen flippase;O123
8__wzx__wzx-O123-Gp5__139	0	0	.	.	Original name: 8__wzx__wzx-O123-Gp5__139 DQ676934.1;O antigen flippase;O123
8__wzx__wzx-O123-Gp5__140	0	0	.	.	Original name: 8__wzx__wzx-O123-Gp5__140 AB972419.1;O antigen flippase;O123
8__wzx__wzx-O124-Gp13__141	0	0	.	.	Original name: 8__wzx__wzx-O124-Gp13__141 EU296419.1;O antigen flippase;O124
8__wzx__wzx-O125__142	0	0	.	.	Original name: 8__wzx__wzx-O125__142 AB812053.1;O antigen flippase;O125
8__wzx__wzx-O126__143	0	0	.	.	Original name: 8__wzx__wzx-O126__143 DQ465248.1;O antigen flippase;O126
8__wzx__wzx-O126__144	0	0	.	.	Original name: 8__wzx__wzx-O126__144 GU068042.1;O antigen flippase;O126
8__wzx__wzx-O127-Gp4__145	0	0	.	.	Original name: 8__wzx__wzx-O127-Gp4__145 AY493508.1;O antigen flippase;O127
8__wzx__wzx-O127-Gp4__146	0	0	.	.	Original name: 8__wzx__wzx-O127-Gp4__146 FM180568.1;O antigen flippase;O127
8__wzx__wzx-O127-Gp4__147	0	0	.	.	Original name: 8__wzx__wzx-O127-Gp4__147 AB812054.1;O antigen flippase;O127
8__wzx__wzx-O128__148	0	0	.	.	Original name: 8__wzx__wzx-O128__148 AY217096.1;O antigen flippase;O128
8__wzx__wzx-O129-Gp10__149	0	0	.	.	Original name: 8__wzx__wzx-O129-Gp10__149 EU296424.1;O antigen flippase;O129
8__wzx__wzx-O129-O13-Gp10__150	0	0	.	.	Original name: 8__wzx__wzx-O129-O13-Gp10__150 AB972421.1;O antigen flippase;O129
8__wzx__wzx-O130__151	0	0	.	.	Original name: 8__wzx__wzx-O130__151 EU296421.1;O antigen flippase;O130
8__wzx__wzx-O131__152	0	0	.	.	Original name: 8__wzx__wzx-O131__152 AB812055.1;O antigen flippase;O131
8__wzx__wzx-O132__153	0	0	.	.	Original name: 8__wzx__wzx-O132__153 AB812056.1;O antigen flippase;O132
8__wzx__wzx-O133__154	0	0	.	.	Original name: 8__wzx__wzx-O133__154 AB812057.1;O antigen flippase;O133
8__wzx__wzx-O134-Gp6__155	0	0	.	.	Original name: 8__wzx__wzx-O134-Gp6__155 AB812058.1;O antigen flippase;O134
8__wzx__wzx-O135-Gp10__156	0	0	.	.	Original name: 8__wzx__wzx-O135-Gp10__156 EU296423.1;O antigen flippase;O135
8__wzx__wzx-O135-Gp10__157	0	0	.	.	Original name: 8__wzx__wzx-O135-Gp10__157 AB972422.1;O antigen flippase;O135
8__wzx__wzx-O136__158	0	0	.	.	Original name: 8__wzx__wzx-O136__158 AB812059.1;O antigen flippase;O136
8__wzx__wzx-O137-Gp1__159	0	0	.	.	Original name: 8__wzx__wzx-O137-Gp1__159 AB972423.1;O antigen flippase;O137
8__wzx__wzx-O138__160	0	0	.	.	Original name: 8__wzx__wzx-O138__160 DQ109551.1;O antigen flippase;O138
8__wzx__wzx-O139__161	0	0	.	.	Original name: 8__wzx__wzx-O139__161 DQ109552.1;O antigen flippase;O139
8__wzx__wzx-O140__162	0	0	.	.	Original name: 8__wzx__wzx-O140__162 AB812060.1;O antigen flippase;O140
8__wzx__wzx-O141__163	0	0	.	.	Original name: 8__wzx__wzx-O141__163 DQ868765.1;O antigen flippase;O141
8__wzx__wzx-O142__164	0	0	.	.	Original name: 8__wzx__wzx-O142__164 AB812061.1;O antigen flippase;O142
8__wzx__wzx-O143__165	0	0	.	.	Original name: 8__wzx__wzx-O143__165 EU294164.1;O antigen flippase;O143
8__wzx__wzx-O144__166	0	0	.	.	Original name: 8__wzx__wzx-O144__166 AB812062.1;O antigen flippase;O144
8__wzx__wzx-O145__167	0	0	.	.	Original name: 8__wzx__wzx-O145__167 AY647260.1;O antigen flippase;O145
8__wzx__wzx-O145__168	0	0	.	.	Original name: 8__wzx__wzx-O145__168 CP006262.1;O antigen flippase;O145
8__wzx__wzx-O146__169	0	0	.	.	Original name: 8__wzx__wzx-O146__169 DQ465249.1;O antigen flippase;O146
8__wzx__wzx-O147__170	0	0	.	.	Original name: 8__wzx__wzx-O147__170 DQ868766.1;O antigen flippase;O147
8__wzx__wzx-O148__171	0	0	.	.	Original name: 8__wzx__wzx-O148__171 DQ167407.1;O antigen flippase;O148
8__wzx__wzx-O149__172	0	0	.	.	Original name: 8__wzx__wzx-O149__172 DQ868764.1;O antigen flippase;O149
8__wzx__wzx-O15__173	0	0	.	.	Original name: 8__wzx__wzx-O15__173 AY647261.1;O antigen flippase;O15
8__wzx__wzx-O150__174	0	0	.	.	Original name: 8__wzx__wzx-O150__174 EU294168.1;O antigen flippase;O150
8__wzx__wzx-O152__175	0	0	.	.	Original name: 8__wzx__wzx-O152__175 EU294170.1;O antigen flippase;O152
8__wzx__wzx-O153-O178-Gp11__176	0	0	.	.	Original name: 8__wzx__wzx-O153-O178-Gp11__176 AB812063.1;O antigen flippase;O153
8__wzx__wzx-O154__177	0	0	.	.	Original name: 8__wzx__wzx-O154__177 AB812064.1;O antigen flippase;O154
8__wzx__wzx-O155__178	0	0	.	.	Original name: 8__wzx__wzx-O155__178 AY657020.1;O antigen flippase;O155
8__wzx__wzx-O156__179	0	0	.	.	Original name: 8__wzx__wzx-O156__179 AB812065.1;O antigen flippase;O156
8__wzx__wzx-O157__180	0	0	.	.	Original name: 8__wzx__wzx-O157__180 AF061251.1;O antigen flippase;O157
8__wzx__wzx-O157__181	0	0	.	.	Original name: 8__wzx__wzx-O157__181 AB602249.1;O antigen flippase;O157
8__wzx__wzx-O157__182	0	0	.	.	Original name: 8__wzx__wzx-O157__182 AB602250.1;O antigen flippase;O157
8__wzx__wzx-O157__183	0	0	.	.	Original name: 8__wzx__wzx-O157__183 AB602252.1;O antigen flippase;O157
8__wzx__wzx-O157__184	0	0	.	.	Original name: 8__wzx__wzx-O157__184 AB602253.1;O antigen flippase;O157
8__wzx__wzx-O158__185	0	0	.	.	Original name: 8__wzx__wzx-O158__185 GU068044.1;O antigen flippase;O158
8__wzx__wzx-O159__186	0	0	.	.	Original name: 8__wzx__wzx-O159__186 EU294176.1;O antigen flippase;O159
8__wzx__wzx-O16__187	0	0	.	.	Original name: 8__wzx__wzx-O16__187 AB811601.1;O antigen flippase;O16
8__wzx__wzx-O160__188	0	0	.	.	Original name: 8__wzx__wzx-O160__188 AB812066.1;O antigen flippase;O160
8__wzx__wzx-O161__189	0	0	.	.	Original name: 8__wzx__wzx-O161__189 GU220361.1;O antigen flippase;O161
8__wzx__wzx-O163__190	0	0	.	.	Original name: 8__wzx__wzx-O163__190 AB812068.1;O antigen flippase;O163
8__wzx__wzx-O164-Gp13__191	0	0	.	.	Original name: 8__wzx__wzx-O164-Gp13__191 EU296420.1;O antigen flippase;O164
8__wzx__wzx-O164-Gp13__192	0	0	.	.	Original name: 8__wzx__wzx-O164-Gp13__192 AB972425.1;O antigen flippase;O164
8__wzx__wzx-O165__193	0	0	.	.	Original name: 8__wzx__wzx-O165__193 GU068045.1;O antigen flippase;O165
8__wzx__wzx-O166__194	0	0	.	.	Original name: 8__wzx__wzx-O166__194 GU299794.1;O antigen flippase;O166
8__wzx__wzx-O167__195	0	0	.	.	Original name: 8__wzx__wzx-O167__195 EU296408.1;O antigen flippase;O167
8__wzx__wzx-O168__196	0	0	.	.	Original name: 8__wzx__wzx-O168__196 EU296403.1;O antigen flippase;O168
8__wzx__wzx-O169-Gp16__197	0	0	.	.	Original name: 8__wzx__wzx-O169-Gp16__197 AB812069.1;O antigen flippase;O169
8__wzx__wzx-O17-O77-Gp9__198	0	0	.	.	Original name: 8__wzx__wzx-O17-O77-Gp9__198 AB812084.1;O antigen flippase;O17
8__wzx__wzx-O170__199	0	0	.	.	Original name: 8__wzx__wzx-O170__199 AB812070.1;O antigen flippase;O170
8__wzx__wzx-O171__200	0	0	.	.	Original name: 8__wzx__wzx-O171__200 AB812071.1;O antigen flippase;O171
8__wzx__wzx-O172__201	0	0	.	.	Original name: 8__wzx__wzx-O172__201 AY545992.1;O antigen flippase;O172
8__wzx__wzx-O173__202	0	0	.	.	Original name: 8__wzx__wzx-O173__202 GU068046.1;O antigen flippase;O173
8__wzx__wzx-O174__203	0	0	.	.	Original name: 8__wzx__wzx-O174__203 DQ008592.1;O antigen flippase;O174
8__wzx__wzx-O174__204	0	0	.	.	Original name: 8__wzx__wzx-O174__204 AB812072.1;O antigen flippase;O174
8__wzx__wzx-O175__205	0	0	.	.	Original name: 8__wzx__wzx-O175__205 AB812073.1;O antigen flippase;O175
8__wzx__wzx-O176__206	0	0	.	.	Original name: 8__wzx__wzx-O176__206 AB812074.1;O antigen flippase;O176
8__wzx__wzx-O177__207	0	0	.	.	Original name: 8__wzx__wzx-O177__207 DQ008593.1;O antigen flippase;O177
8__wzx__wzx-O179__208	0	0	.	.	Original name: 8__wzx__wzx-O179__208 AB812076.1;O antigen flippase;O179
8__wzx__wzx-O18-Gp12__209	0	0	.	.	Original name: 8__wzx__wzx-O18-Gp12__209 GU299793.1;O antigen flippase;O18
8__wzx__wzx-O180__210	0	0	.	.	Original name: 8__wzx__wzx-O180__210 JQ751058.1;O antigen flippase;O180
8__wzx__wzx-O181__211	0	0	.	.	Original name: 8__wzx__wzx-O181__211 AB812078.1;O antigen flippase;O181
8__wzx__wzx-O182__212	0	0	.	.	Original name: 8__wzx__wzx-O182__212 AB812079.1;O antigen flippase;O182
8__wzx__wzx-O183-Gp16__213	0	0	.	.	Original name: 8__wzx__wzx-O183-Gp16__213 AB627352.1;O antigen flippase;O183
8__wzx__wzx-O184__214	0	0	.	.	Original name: 8__wzx__wzx-O184__214 AB812080.1;O antigen flippase;O184
8__wzx__wzx-O185__215	0	0	.	.	Original name: 8__wzx__wzx-O185__215 AB812081.1;O antigen flippase;O185
8__wzx__wzx-O186-Gp5__216	0	0	.	.	Original name: 8__wzx__wzx-O186-Gp5__216 AB812082.1;O antigen flippase;O186
8__wzx__wzx-O187__217	0	0	.	.	Original name: 8__wzx__wzx-O187__217 AB812083.1;O antigen flippase;O187
8__wzx__wzx-O18ab__218	0	0	.	.	Original name: 8__wzx__wzx-O18ab__218 AB811602.1;O antigen flippase;O18ab
8__wzx__wzx-O19__219	0	0	.	.	Original name: 8__wzx__wzx-O19__219 AB811604.1;O antigen flippase;O19
8__wzx__wzx-O2-O50-Gp7__220	0	0	.	.	Original name: 8__wzx__wzx-O2-O50-Gp7__220 EU549863.1;O antigen flippase;O2
8__wzx__wzx-O20-Gp1__221	0	0	.	.	Original name: 8__wzx__wzx-O20-Gp1__221 AB811605.1;O antigen flippase;O20
8__wzx__wzx-O21__222	0	0	.	.	Original name: 8__wzx__wzx-O21__222 EU694098.1;O antigen flippase;O21
8__wzx__wzx-O22__223	0	0	.	.	Original name: 8__wzx__wzx-O22__223 DQ851855.1;O antigen flippase;O22
8__wzx__wzx-O22__224	0	0	.	.	Original name: 8__wzx__wzx-O22__224 AB811606.1;O antigen flippase;O22
8__wzx__wzx-O23__225	0	0	.	.	Original name: 8__wzx__wzx-O23__225 AB811607.1;O antigen flippase;O23
8__wzx__wzx-O24__226	0	0	.	.	Original name: 8__wzx__wzx-O24__226 DQ220292.1;O antigen flippase;O24
8__wzx__wzx-O25__227	0	0	.	.	Original name: 8__wzx__wzx-O25__227 GU014554.1;O antigen flippase;O25
8__wzx__wzx-O26__228	0	0	.	.	Original name: 8__wzx__wzx-O26__228 AF529080.1;O antigen flippase;O26
8__wzx__wzx-O27__229	0	0	.	.	Original name: 8__wzx__wzx-O27__229 GU014555.1;O antigen flippase;O27
8__wzx__wzx-O28ab__230	0	0	.	.	Original name: 8__wzx__wzx-O28ab__230 AB811608.1;O antigen flippase;O28ab
8__wzx__wzx-O28ac-O42-Gp2__231	0	0	.	.	Original name: 8__wzx__wzx-O28ac-O42-Gp2__231 DQ462205.1;O antigen flippase;O28ac
8__wzx__wzx-O28ac-Gp2__232	0	0	.	.	Original name: 8__wzx__wzx-O28ac-Gp2__232 AB811609.1;O antigen flippase;O28ac
8__wzx__wzx-O29__233	0	0	.	.	Original name: 8__wzx__wzx-O29__233 EU294173.1;O antigen flippase;O29
8__wzx__wzx-O3__234	0	0	.	.	Original name: 8__wzx__wzx-O3__234 EU694097.1;O antigen flippase;O3
8__wzx__wzx-O30__235	0	0	.	.	Original name: 8__wzx__wzx-O30__235 AB811610.1;O antigen flippase;O30
8__wzx__wzx-O32__236	0	0	.	.	Original name: 8__wzx__wzx-O32__236 EU296410.1;O antigen flippase;O32
8__wzx__wzx-O33__237	0	0	.	.	Original name: 8__wzx__wzx-O33__237 AB811611.1;O antigen flippase;O33
8__wzx__wzx-O34__238	0	0	.	.	Original name: 8__wzx__wzx-O34__238 AB811612.1;O antigen flippase;O34
8__wzx__wzx-O35__239	0	0	.	.	Original name: 8__wzx__wzx-O35__239 FJ940774.1;O antigen flippase;O35
8__wzx__wzx-O36__240	0	0	.	.	Original name: 8__wzx__wzx-O36__240 AB811613.1;O antigen flippase;O36
8__wzx__wzx-O37__241	0	0	.	.	Original name: 8__wzx__wzx-O37__241 AB811614.1;O antigen flippase;O37
8__wzx__wzx-O38__242	0	0	.	.	Original name: 8__wzx__wzx-O38__242 AB811615.1;O antigen flippase;O38
8__wzx__wzx-O39__243	0	0	.	.	Original name: 8__wzx__wzx-O39__243 AB811616.1;O antigen flippase;O39
8__wzx__wzx-O4__244	0	0	.	.	Original name: 8__wzx__wzx-O4__244 AY568960.1;O antigen flippase;O4
8__wzx__wzx-O40__245	0	0	.	.	Original name: 8__wzx__wzx-O40__245 EU296417.1;O antigen flippase;O40
8__wzx__wzx-O41__246	0	0	.	.	Original name: 8__wzx__wzx-O41__246 AB811617.1;O antigen flippase;O41
8__wzx__wzx-O42-Gp2__247	0	0	.	.	Original name: 8__wzx__wzx-O42-Gp2__247 AB811618.1;O antigen flippase;O42
8__wzx__wzx-O43__248	0	0	.	.	Original name: 8__wzx__wzx-O43__248 AB811619.1;O antigen flippase;O43
8__wzx__wzx-O44-Gp9__249	0	0	.	.	Original name: 8__wzx__wzx-O44-Gp9__249 AB811620.1;O antigen flippase;O44
8__wzx__wzx-O45__250	0	0	.	.	Original name: 8__wzx__wzx-O45__250 AY771223.1;O antigen flippase;O45
8__wzx__wzx-O45__251	0	0	.	.	Original name: 8__wzx__wzx-O45__251 CU463050.1;O antigen flippase;O45
8__wzx__wzx-O45__252	0	0	.	.	Original name: 8__wzx__wzx-O45__252 JN859208.1;O antigen flippase;O45
8__wzx__wzx-O46-Gp6__253	0	0	.	.	Original name: 8__wzx__wzx-O46-Gp6__253 AB811621.1;O antigen flippase;O46
8__wzx__wzx-O48__254	0	0	.	.	Original name: 8__wzx__wzx-O48__254 AB811622.1;O antigen flippase;O48
8__wzx__wzx-O49__255	0	0	.	.	Original name: 8__wzx__wzx-O49__255 AB811623.1;O antigen flippase;O49
8__wzx__wzx-O5__256	0	0	.	.	Original name: 8__wzx__wzx-O5__256 AB811596.1;O antigen flippase;O5
8__wzx__wzx-O51__257	0	0	.	.	Original name: 8__wzx__wzx-O51__257 AB812020.1;O antigen flippase;O51
8__wzx__wzx-O53__258	0	0	.	.	Original name: 8__wzx__wzx-O53__258 AB812021.1;O antigen flippase;O53
8__wzx__wzx-O54__259	0	0	.	.	Original name: 8__wzx__wzx-O54__259 AB812085.1;O antigen flippase;O54
8__wzx__wzx-O55__260	0	0	.	.	Original name: 8__wzx__wzx-O55__260 AF461121.1;O antigen flippase;O55
8__wzx__wzx-O55__261	0	0	.	.	Original name: 8__wzx__wzx-O55__261 AB353132.1;O antigen flippase;O55
8__wzx__wzx-O55__262	0	0	.	.	Original name: 8__wzx__wzx-O55__262 AB353133.1;O antigen flippase;O55
8__wzx__wzx-O56__263	0	0	.	.	Original name: 8__wzx__wzx-O56__263 DQ220293.1;O antigen flippase;O56
8__wzx__wzx-O58__264	0	0	.	.	Original name: 8__wzx__wzx-O58__264 EU294175.1;O antigen flippase;O58
8__wzx__wzx-O59__265	0	0	.	.	Original name: 8__wzx__wzx-O59__265 AY654590.1;O antigen flippase;O59
8__wzx__wzx-O6__266	0	0	.	.	Original name: 8__wzx__wzx-O6__266 AJ426045.2;O antigen flippase;O6
8__wzx__wzx-O6__267	0	0	.	.	Original name: 8__wzx__wzx-O6__267 CP002185.1;O antigen flippase;O6
8__wzx__wzx-O6__268	0	0	.	.	Original name: 8__wzx__wzx-O6__268 AB811597.1;O antigen flippase;O6
8__wzx__wzx-O61__269	0	0	.	.	Original name: 8__wzx__wzx-O61__269 GU220362.1;O antigen flippase;O61
8__wzx__wzx-O62-Gp14__270	0	0	.	.	Original name: 8__wzx__wzx-O62-Gp14__270 AB812023.1;O antigen flippase;O62
8__wzx__wzx-O63__271	0	0	.	.	Original name: 8__wzx__wzx-O63__271 FJ539195.1;O antigen flippase;O63
8__wzx__wzx-O63__272	0	0	.	.	Original name: 8__wzx__wzx-O63__272 AB812024.1;O antigen flippase;O63
8__wzx__wzx-O64__273	0	0	.	.	Original name: 8__wzx__wzx-O64__273 AB812025.1;O antigen flippase;O64
8__wzx__wzx-O65__274	0	0	.	.	Original name: 8__wzx__wzx-O65__274 AB812026.1;O antigen flippase;O65
8__wzx__wzx-O66__275	0	0	.	.	Original name: 8__wzx__wzx-O66__275 DQ069297.1;O antigen flippase;O66
8__wzx__wzx-O68-Gp14__276	0	0	.	.	Original name: 8__wzx__wzx-O68-Gp14__276 AB812027.1;O antigen flippase;O68
8__wzx__wzx-O69__277	0	0	.	.	Original name: 8__wzx__wzx-O69__277 AB812028.1;O antigen flippase;O69
8__wzx__wzx-O7__278	0	0	.	.	Original name: 8__wzx__wzx-O7__278 AF125322.1;O antigen flippase;O7
8__wzx__wzx-O7__279	0	0	.	.	Original name: 8__wzx__wzx-O7__279 AB490074.1;O antigen flippase;O7
8__wzx__wzx-O7__280	0	0	.	.	Original name: 8__wzx__wzx-O7__280 CP003034.1;O antigen flippase;O7
8__wzx__wzx-O70__281	0	0	.	.	Original name: 8__wzx__wzx-O70__281 AB812029.1;O antigen flippase;O70
8__wzx__wzx-O71__282	0	0	.	.	Original name: 8__wzx__wzx-O71__282 GU445927.1;O antigen flippase;O71
8__wzx__wzx-O73-Gp9__283	0	0	.	.	Original name: 8__wzx__wzx-O73-Gp9__283 DQ000313.1;O antigen flippase;O73
8__wzx__wzx-O74__284	0	0	.	.	Original name: 8__wzx__wzx-O74__284 AB812030.1;O antigen flippase;O74
8__wzx__wzx-O75__285	0	0	.	.	Original name: 8__wzx__wzx-O75__285 GU299795.1;O antigen flippase;O75
8__wzx__wzx-O76__286	0	0	.	.	Original name: 8__wzx__wzx-O76__286 AB812031.1;O antigen flippase;O76
8__wzx__wzx-O78__287	0	0	.	.	Original name: 8__wzx__wzx-O78__287 FJ940775.1;O antigen flippase;O78
8__wzx__wzx-O79__288	0	0	.	.	Original name: 8__wzx__wzx-O79__288 EU294162.1;O antigen flippase;O79
8__wzx__wzx-O8__289	0	0	.	.	Original name: 8__wzx__wzx-O8__289 AF013583.1;O antigen flippase;O8
8__wzx__wzx-O8__290	0	0	.	.	Original name: 8__wzx__wzx-O8__290 AB811598.1;O antigen flippase;O8
8__wzx__wzx-O80__291	0	0	.	.	Original name: 8__wzx__wzx-O80__291 AB812032.1;O antigen flippase;O80
8__wzx__wzx-O81__292	0	0	.	.	Original name: 8__wzx__wzx-O81__292 AB812033.1;O antigen flippase;O81
8__wzx__wzx-O82__293	0	0	.	.	Original name: 8__wzx__wzx-O82__293 AB812034.1;O antigen flippase;O82
8__wzx__wzx-O83__294	0	0	.	.	Original name: 8__wzx__wzx-O83__294 AB812035.1;O antigen flippase;O83
8__wzx__wzx-O84__295	0	0	.	.	Original name: 8__wzx__wzx-O84__295 AB812036.1;O antigen flippase;O84
8__wzx__wzx-O85__296	0	0	.	.	Original name: 8__wzx__wzx-O85__296 GU299798.1;O antigen flippase;O85
8__wzx__wzx-O86__297	0	0	.	.	Original name: 8__wzx__wzx-O86__297 AY220982.1;O antigen flippase;O86
8__wzx__wzx-O86__298	0	0	.	.	Original name: 8__wzx__wzx-O86__298 AY667408.1;O antigen flippase;O86
8__wzx__wzx-O86__299	0	0	.	.	Original name: 8__wzx__wzx-O86__299 AY670704.1;O antigen flippase;O86
8__wzx__wzx-O87__300	0	0	.	.	Original name: 8__wzx__wzx-O87__300 EU294177.1;O antigen flippase;O87
8__wzx__wzx-O88__301	0	0	.	.	Original name: 8__wzx__wzx-O88__301 AB812037.1;O antigen flippase;O88
8__wzx__wzx-O90-Gp4__302	0	0	.	.	Original name: 8__wzx__wzx-O90-Gp4__302 AB812039.1;O antigen flippase;O90
8__wzx__wzx-O91__303	0	0	.	.	Original name: 8__wzx__wzx-O91__303 AY035396.1;O antigen flippase;O91
8__wzx__wzx-O93__304	0	0	.	.	Original name: 8__wzx__wzx-O93__304 AB812041.1;O antigen flippase;O93
8__wzx__wzx-O96__305	0	0	.	.	Original name: 8__wzx__wzx-O96__305 AB812043.1;O antigen flippase;O96
8__wzx__wzx-O98__306	0	0	.	.	Original name: 8__wzx__wzx-O98__306 DQ180602.1;O antigen flippase;O98
9__wzy__wzy-O1__307	0	0	.	.	Original name: 9__wzy__wzy-O1__307 GU299791.1;O antigen polyermase;O1
9__wzy__wzy-O10__308	0	0	.	.	Original name: 9__wzy__wzy-O10__308 AB811599.1;O antigen polyermase;O10
9__wzy__wzy-O100__309	0	0	.	.	Original name: 9__wzy__wzy-O100__309 AB812045.1;O antigen polyermase;O100
9__wzy__wzy-O102__310	0	0	.	.	Original name: 9__wzy__wzy-O102__310 JX087966.1;O antigen polyermase;O102
9__wzy__wzy-O102__311	0	0	.	.	Original name: 9__wzy__wzy-O102__311 AB812047.1;O antigen polyermase;O102
9__wzy__wzy-O103__312	0	0	.	.	Original name: 9__wzy__wzy-O103__312 AY532664.1;O antigen polyermase;O103
9__wzy__wzy-O103__313	0	0	.	.	Original name: 9__wzy__wzy-O103__313 EF027116.1;O antigen polyermase;O103
9__wzy__wzy-O103__314	0	0	.	.	Original name: 9__wzy__wzy-O103__314 EF027119.1;O antigen polyermase;O103
9__wzy__wzy-O103__315	0	0	.	.	Original name: 9__wzy__wzy-O103__315 AB704860.1;O antigen polyermase;O103
9__wzy__wzy-O104__316	0	0	.	.	Original name: 9__wzy__wzy-O104__316 AF361371.1;O antigen polyermase;O104
9__wzy__wzy-O105__317	0	0	.	.	Original name: 9__wzy__wzy-O105__317 EU294171.1;O antigen polyermase;O105
9__wzy__wzy-O106-Gp9__318	0	0	.	.	Original name: 9__wzy__wzy-O106-Gp9__318 DQ000315.1;O antigen polyermase;O106
9__wzy__wzy-O107-Gp8__319	0	0	.	.	Original name: 9__wzy__wzy-O107-Gp8__319 EU694095.1;O antigen polyermase;O107
9__wzy__wzy-O108__320	0	0	.	.	Original name: 9__wzy__wzy-O108__320 AB812048.1;O antigen polyermase;O108
9__wzy__wzy-O109__321	0	0	.	.	Original name: 9__wzy__wzy-O109__321 HM485572.1;O antigen polyermase;O109
9__wzy__wzy-O11__322	0	0	.	.	Original name: 9__wzy__wzy-O11__322 HQ388393.1;O antigen polyermase;O11
9__wzy__wzy-O110__323	0	0	.	.	Original name: 9__wzy__wzy-O110__323 AB812049.1;O antigen polyermase;O110
9__wzy__wzy-O111__324	0	0	.	.	Original name: 9__wzy__wzy-O111__324 AF078736.1;O antigen polyermase;O111
9__wzy__wzy-O111__325	0	0	.	.	Original name: 9__wzy__wzy-O111__325 AP010960;O antigen polyermase;O111
9__wzy__wzy-O112__326	0	0	.	.	Original name: 9__wzy__wzy-O112__326 AB812050.1;O antigen polyermase;O112ac
9__wzy__wzy-O112__327	0	0	.	.	Original name: 9__wzy__wzy-O112__327 EU296413.1;O antigen polyermase;O112ab
9__wzy__wzy-O113__328	0	0	.	.	Original name: 9__wzy__wzy-O113__328 AF172324.1;O antigen polyermase;O113
9__wzy__wzy-O114__329	0	0	.	.	Original name: 9__wzy__wzy-O114__329 AY573377.1;O antigen polyermase;O114
9__wzy__wzy-O115__330	0	0	.	.	Original name: 9__wzy__wzy-O115__330 GU068041.1;O antigen polyermase;O115
9__wzy__wzy-O116__331	0	0	.	.	Original name: 9__wzy__wzy-O116__331 AB812051.1;O antigen polyermase;O116
9__wzy__wzy-O117-Gp8__332	0	0	.	.	Original name: 9__wzy__wzy-O117-Gp8__332 DQ465247.1;O antigen polyermase;O117
9__wzy__wzy-O117-Gp8__333	0	0	.	.	Original name: 9__wzy__wzy-O117-Gp8__333 EU694096.1;O antigen polyermase;O117
9__wzy__wzy-O118-Gp3__334	0	0	.	.	Original name: 9__wzy__wzy-O118-Gp3__334 HM204927.1;O antigen polyermase;O118
9__wzy__wzy-O119__335	0	0	.	.	Original name: 9__wzy__wzy-O119__335 GQ499368.1;O antigen polyermase;O119
9__wzy__wzy-O12__336	0	0	.	.	Original name: 9__wzy__wzy-O12__336 AB811600.1;O antigen polyermase;O12
9__wzy__wzy-O120__337	0	0	.	.	Original name: 9__wzy__wzy-O120__337 AB812052.1;O antigen polyermase;O120
9__wzy__wzy-O121__338	0	0	.	.	Original name: 9__wzy__wzy-O121__338 AY208937.1;O antigen polyermase;O121
9__wzy__wzy-O121__339	0	0	.	.	Original name: 9__wzy__wzy-O121__339 JN859209.1;O antigen polyermase;O121
9__wzy__wzy-O121__340	0	0	.	.	Original name: 9__wzy__wzy-O121__340 JN859212.1;O antigen polyermase;O121
9__wzy__wzy-O121__341	0	0	.	.	Original name: 9__wzy__wzy-O121__341 JN859216.1;O antigen polyermase;O121
9__wzy__wzy-O123-O186-Gp5__342	0	0	.	.	Original name: 9__wzy__wzy-O123-O186-Gp5__342 DQ676933.1;O antigen polyermase;O123
9__wzy__wzy-O124-Gp13__343	0	0	.	.	Original name: 9__wzy__wzy-O124-Gp13__343 EU296419.1;O antigen polyermase;O124
9__wzy__wzy-O124-Gp13__344	0	0	.	.	Original name: 9__wzy__wzy-O124-Gp13__344 AB972420.1;O antigen polyermase;O124
9__wzy__wzy-O125__345	0	0	.	.	Original name: 9__wzy__wzy-O125__345 AB812053.1;O antigen polyermase;O125
9__wzy__wzy-O126__346	0	0	.	.	Original name: 9__wzy__wzy-O126__346 DQ465248.1;O antigen polyermase;O126
9__wzy__wzy-O126__347	0	0	.	.	Original name: 9__wzy__wzy-O126__347 GU068042.1;O antigen polyermase;O126
9__wzy__wzy-O127-Gp4__348	0	0	.	.	Original name: 9__wzy__wzy-O127-Gp4__348 AY493508.1;O antigen polyermase;O127
9__wzy__wzy-O127-Gp4__349	0	0	.	.	Original name: 9__wzy__wzy-O127-Gp4__349 FM180568.1;O antigen polyermase;O127
9__wzy__wzy-O128__350	0	0	.	.	Original name: 9__wzy__wzy-O128__350 AY217096.1;O antigen polyermase;O128
9__wzy__wzy-O129-Gp10__351	0	0	.	.	Original name: 9__wzy__wzy-O129-Gp10__351 EU296424.1;O antigen polyermase;O129
9__wzy__wzy-O129-O13-O135-Gp10__352	0	0	.	.	Original name: 9__wzy__wzy-O129-O13-O135-Gp10__352 AB972421.1;O antigen polyermase;O129
9__wzy__wzy-O130__353	0	0	.	.	Original name: 9__wzy__wzy-O130__353 EU296421.1;O antigen polyermase;O130
9__wzy__wzy-O131__354	0	0	.	.	Original name: 9__wzy__wzy-O131__354 AB812055.1;O antigen polyermase;O131
9__wzy__wzy-O132__355	0	0	.	.	Original name: 9__wzy__wzy-O132__355 AB812056.1;O antigen polyermase;O132
9__wzy__wzy-O133__356	0	0	.	.	Original name: 9__wzy__wzy-O133__356 AB812057.1;O antigen polyermase;O133
9__wzy__wzy-O134-Gp6__357	0	0	.	.	Original name: 9__wzy__wzy-O134-Gp6__357 AB812058.1;O antigen polyermase;O134
9__wzy__wzy-O136__358	0	0	.	.	Original name: 9__wzy__wzy-O136__358 AB812059.1;O antigen polyermase;O136
9__wzy__wzy-O137-Gp1__359	0	0	.	.	Original name: 9__wzy__wzy-O137-Gp1__359 AB972423.1;O antigen polyermase;O137
9__wzy__wzy-O138__360	0	0	.	.	Original name: 9__wzy__wzy-O138__360 DQ109551.1;O antigen polyermase;O138
9__wzy__wzy-O139__361	0	0	.	.	Original name: 9__wzy__wzy-O139__361 DQ109552.1;O antigen polyermase;O139
9__wzy__wzy-O140__362	0	0	.	.	Original name: 9__wzy__wzy-O140__362 AB812060.1;O antigen polyermase;O140
9__wzy__wzy-O141__363	0	0	.	.	Original name: 9__wzy__wzy-O141__363 DQ868765.1;O antigen polyermase;O141
9__wzy__wzy-O142__364	0	0	.	.	Original name: 9__wzy__wzy-O142__364 AB812061.1;O antigen polyermase;O142
9__wzy__wzy-O143__365	0	0	.	.	Original name: 9__wzy__wzy-O143__365 EU294164.1;O antigen polyermase;O143
9__wzy__wzy-O144__366	0	0	.	.	Original name: 9__wzy__wzy-O144__366 AB812062.1;O antigen polyermase;O144
9__wzy__wzy-O145__367	0	0	.	.	Original name: 9__wzy__wzy-O145__367 AY647260.1;O antigen polyermase;O145
9__wzy__wzy-O145__368	0	0	.	.	Original name: 9__wzy__wzy-O145__368 CP006262.1;O antigen polyermase;O145
9__wzy__wzy-O146__369	0	0	.	.	Original name: 9__wzy__wzy-O146__369 DQ465249.1;O antigen polyermase;O146
9__wzy__wzy-O147__370	0	0	.	.	Original name: 9__wzy__wzy-O147__370 DQ868766.1;O antigen polyermase;O147
9__wzy__wzy-O148__371	0	0	.	.	Original name: 9__wzy__wzy-O148__371 DQ167407.1;O antigen polyermase;O148
9__wzy__wzy-O149__372	0	0	.	.	Original name: 9__wzy__wzy-O149__372 DQ868764.1;O antigen polyermase;O149
9__wzy__wzy-O15__373	0	0	.	.	Original name: 9__wzy__wzy-O15__373 AY647261.1;O antigen polyermase;O15
9__wzy__wzy-O150__374	0	0	.	.	Original name: 9__wzy__wzy-O150__374 EU294168.1;O antigen polyermase;O150
9__wzy__wzy-O151-Gp3__375	0	0	.	.	Original name: 9__wzy__wzy-O151-Gp3__375 AB972424.1;O antigen polyermase;O151
9__wzy__wzy-O152__376	0	0	.	.	Original name: 9__wzy__wzy-O152__376 EU294170.1;O antigen polyermase;O152
9__wzy__wzy-O153-Gp11__377	0	0	.	.	Original name: 9__wzy__wzy-O153-Gp11__377 AB812063.1;O antigen polyermase;O153
9__wzy__wzy-O154__378	0	0	.	.	Original name: 9__wzy__wzy-O154__378 AB812064.1;O antigen polyermase;O154
9__wzy__wzy-O155__379	0	0	.	.	Original name: 9__wzy__wzy-O155__379 AY657020.1;O antigen polyermase;O155
9__wzy__wzy-O156__380	0	0	.	.	Original name: 9__wzy__wzy-O156__380 AB812065.1;O antigen polyermase;O156
9__wzy__wzy-O157__381	0	0	.	.	Original name: 9__wzy__wzy-O157__381 AF061251.1;O antigen polyermase;O157
9__wzy__wzy-O157__382	0	0	.	.	Original name: 9__wzy__wzy-O157__382 AB602249.1;O antigen polyermase;O157
9__wzy__wzy-O157__383	0	0	.	.	Original name: 9__wzy__wzy-O157__383 AB602250.1;O antigen polyermase;O157
9__wzy__wzy-O157__384	0	0	.	.	Original name: 9__wzy__wzy-O157__384 AB602253.1;O antigen polyermase;O157
9__wzy__wzy-O158__385	0	0	.	.	Original name: 9__wzy__wzy-O158__385 GU068044.1;O antigen polyermase;O158
9__wzy__wzy-O159__386	0	0	.	.	Original name: 9__wzy__wzy-O159__386 EU294176.1;O antigen polyermase;O159
9__wzy__wzy-O16__387	0	0	.	.	Original name: 9__wzy__wzy-O16__387 AB811601.1;O antigen polyermase;O16
9__wzy__wzy-O160__388	0	0	.	.	Original name: 9__wzy__wzy-O160__388 AB812066.1;O antigen polyermase;O160
9__wzy__wzy-O161__389	0	0	.	.	Original name: 9__wzy__wzy-O161__389 GU220361.1;O antigen polyermase;O161
9__wzy__wzy-O163__390	0	0	.	.	Original name: 9__wzy__wzy-O163__390 AB812068.1;O antigen polyermase;O163
9__wzy__wzy-O164-Gp13__391	0	0	.	.	Original name: 9__wzy__wzy-O164-Gp13__391 EU296420.1;O antigen polyermase;O164
9__wzy__wzy-O164-Gp13__392	0	0	.	.	Original name: 9__wzy__wzy-O164-Gp13__392 AB972425.1;O antigen polyermase;O164
9__wzy__wzy-O165__393	0	0	.	.	Original name: 9__wzy__wzy-O165__393 GU068045.1;O antigen polyermase;O165
9__wzy__wzy-O166__394	0	0	.	.	Original name: 9__wzy__wzy-O166__394 GU299794.1;O antigen polyermase;O166
9__wzy__wzy-O167__395	0	0	.	.	Original name: 9__wzy__wzy-O167__395 EU296408.1;O antigen polyermase;O167
9__wzy__wzy-O168__396	0	0	.	.	Original name: 9__wzy__wzy-O168__396 EU296403.1;O antigen polyermase;O168
9__wzy__wzy-O169-Gp16__397	0	0	.	.	Original name: 9__wzy__wzy-O169-Gp16__397 AB812069.1;O antigen polyermase;O169
9__wzy__wzy-O17-O44-O77-Gp9__398	0	0	.	.	Original name: 9__wzy__wzy-O17-O44-O77-Gp9__398 AB812084.1;O antigen polyermase;O17
9__wzy__wzy-O170__399	0	0	.	.	Original name: 9__wzy__wzy-O170__399 AB812070.1;O antigen polyermase;O170
9__wzy__wzy-O171__400	0	0	.	.	Original name: 9__wzy__wzy-O171__400 AB812071.1;O antigen polyermase;O171
9__wzy__wzy-O172__401	0	0	.	.	Original name: 9__wzy__wzy-O172__401 AY545992.1;O antigen polyermase;O172
9__wzy__wzy-O173__402	0	0	.	.	Original name: 9__wzy__wzy-O173__402 GU068046.1;O antigen polyermase;O173
9__wzy__wzy-O174__403	0	0	.	.	Original name: 9__wzy__wzy-O174__403 DQ008592.1;O antigen polyermase;O174
9__wzy__wzy-O175__404	0	0	.	.	Original name: 9__wzy__wzy-O175__404 AB812073.1;O antigen polyermase;O175
9__wzy__wzy-O176__405	0	0	.	.	Original name: 9__wzy__wzy-O176__405 AB812074.1;O antigen polyermase;O176
9__wzy__wzy-O177__406	0	0	.	.	Original name: 9__wzy__wzy-O177__406 DQ008593.1;O antigen polyermase;O177
9__wzy__wzy-O178-Gp11__407	0	0	.	.	Original name: 9__wzy__wzy-O178-Gp11__407 AB812075.1;O antigen polyermase;O178
9__wzy__wzy-O179__408	0	0	.	.	Original name: 9__wzy__wzy-O179__408 AB812076.1;O antigen polyermase;O179
9__wzy__wzy-O18-Gp12__409	0	0	.	.	Original name: 9__wzy__wzy-O18-Gp12__409 GU299793.1;O antigen polyermase;O18
9__wzy__wzy-O180__410	0	0	.	.	Original name: 9__wzy__wzy-O180__410 JQ751058.1;O antigen polyermase;O180
9__wzy__wzy-O180__411	0	0	.	.	Original name: 9__wzy__wzy-O180__411 AB812077.1;O antigen polyermase;O180
9__wzy__wzy-O181__412	0	0	.	.	Original name: 9__wzy__wzy-O181__412 AB812078.1;O antigen polyermase;O181
9__wzy__wzy-O182__413	0	0	.	.	Original name: 9__wzy__wzy-O182__413 AB812079.1;O antigen polyermase;O182
9__wzy__wzy-O183-Gp16__414	0	0	.	.	Original name: 9__wzy__wzy-O183-Gp16__414 AB627352.1;O antigen polyermase;O183
9__wzy__wzy-O184__415	0	0	.	.	Original name: 9__wzy__wzy-O184__415 AB812080.1;O antigen polyermase;O184
9__wzy__wzy-O185__416	0	0	.	.	Original name: 9__wzy__wzy-O185__416 AB812081.1;O antigen polyermase;O185
9__wzy__wzy-O187__417	0	0	.	.	Original name: 9__wzy__wzy-O187__417 AB812083.1;O antigen polyermase;O187
9__wzy__wzy-O18ab__418	0	0	.	.	Original name: 9__wzy__wzy-O18ab__418 AB811602.1;O antigen polyermase;O18ab
9__wzy__wzy-O18ac__419	0	0	.	.	Original name: 9__wzy__wzy-O18ac__419 AB811603.1;O antigen polyermase;O18ac
9__wzy__wzy-O19__420	0	0	.	.	Original name: 9__wzy__wzy-O19__420 AB811604.1;O antigen polyermase;O19
9__wzy__wzy-O2-Gp7__421	0	0	.	.	Original name: 9__wzy__wzy-O2-Gp7__421 EU549863.1;O antigen polyermase;O2
9__wzy__wzy-O20-Gp1__422	0	0	.	.	Original name: 9__wzy__wzy-O20-Gp1__422 AB811605.1;O antigen polyermase;wzy-O20-Gp1
9__wzy__wzy-O21__423	0	0	.	.	Original name: 9__wzy__wzy-O21__423 EU694098.1;O antigen polyermase;O21
9__wzy__wzy-O22__424	0	0	.	.	Original name: 9__wzy__wzy-O22__424 AB811606.1;O antigen polyermase;O22
9__wzy__wzy-O23__425	0	0	.	.	Original name: 9__wzy__wzy-O23__425 AB811607.1;O antigen polyermase;O23
9__wzy__wzy-O24__426	0	0	.	.	Original name: 9__wzy__wzy-O24__426 DQ220292.1;O antigen polyermase;O24
9__wzy__wzy-O25__427	0	0	.	.	Original name: 9__wzy__wzy-O25__427 GU014554.1;O antigen polyermase;O25
9__wzy__wzy-O26__428	0	0	.	.	Original name: 9__wzy__wzy-O26__428 AF529080.1;O antigen polyermase;O26
9__wzy__wzy-O27__429	0	0	.	.	Original name: 9__wzy__wzy-O27__429 GU014555.1;O antigen polyermase;O27
9__wzy__wzy-O28ab__430	0	0	.	.	Original name: 9__wzy__wzy-O28ab__430 AB811608.1;O antigen polyermase;O28ab
9__wzy__wzy-O28ac-O42-Gp2__431	0	0	.	.	Original name: 9__wzy__wzy-O28ac-O42-Gp2__431 DQ462205.1;O antigen polyermase;O28ac
9__wzy__wzy-O28ac-Gp2__432	0	0	.	.	Original name: 9__wzy__wzy-O28ac-Gp2__432 AB811609.1;O antigen polyermase;O28ac
9__wzy__wzy-O29__433	0	0	.	.	Original name: 9__wzy__wzy-O29__433 EU294173.1;O antigen polyermase;O29
9__wzy__wzy-O3__434	0	0	.	.	Original name: 9__wzy__wzy-O3__434 EU694097.1;O antigen polyermase;O3
9__wzy__wzy-O30__435	0	0	.	.	Original name: 9__wzy__wzy-O30__435 AB811610.1;O antigen polyermase;O30
9__wzy__wzy-O32__436	0	0	.	.	Original name: 9__wzy__wzy-O32__436 EU296410.1;O antigen polyermase;O32
9__wzy__wzy-O33__437	0	0	.	.	Original name: 9__wzy__wzy-O33__437 AB811611.1;O antigen polyermase;O33
9__wzy__wzy-O34__438	0	0	.	.	Original name: 9__wzy__wzy-O34__438 AB811612.1;O antigen polyermase;O34
9__wzy__wzy-O35__439	0	0	.	.	Original name: 9__wzy__wzy-O35__439 FJ940774.1;O antigen polyermase;O35
9__wzy__wzy-O36__440	0	0	.	.	Original name: 9__wzy__wzy-O36__440 AB811613.1;O antigen polyermase;O36
9__wzy__wzy-O37__441	0	0	.	.	Original name: 9__wzy__wzy-O37__441 AB811614.1;O antigen polyermase;O37
9__wzy__wzy-O38__442	0	0	.	.	Original name: 9__wzy__wzy-O38__442 AB811615.1;O antigen polyermase;O38
9__wzy__wzy-O39__443	0	0	.	.	Original name: 9__wzy__wzy-O39__443 AB811616.1;O antigen polyermase;O39
9__wzy__wzy-O4__444	0	0	.	.	Original name: 9__wzy__wzy-O4__444 AY568960.1;O antigen polyermase;O4
9__wzy__wzy-O40__445	0	0	.	.	Original name: 9__wzy__wzy-O40__445 EU296417.1;O antigen polyermase;O40
9__wzy__wzy-O41__446	0	0	.	.	Original name: 9__wzy__wzy-O41__446 AB811617.1;O antigen polyermase;O41
9__wzy__wzy-O43__447	0	0	.	.	Original name: 9__wzy__wzy-O43__447 AB811619.1;O antigen polyermase;O43
9__wzy__wzy-O45__448	0	0	.	.	Original name: 9__wzy__wzy-O45__448 AY771223.1;O antigen polyermase;O45
9__wzy__wzy-O45__449	0	0	.	.	Original name: 9__wzy__wzy-O45__449 CU463050.1;O antigen polyermase;O45
9__wzy__wzy-O45__450	0	0	.	.	Original name: 9__wzy__wzy-O45__450 JN859200.1;O antigen polyermase;O45
9__wzy__wzy-O45__451	0	0	.	.	Original name: 9__wzy__wzy-O45__451 JN859208.1;O antigen polyermase;O45
9__wzy__wzy-O46-Gp6__452	0	0	.	.	Original name: 9__wzy__wzy-O46-Gp6__452 AB811621.1;O antigen polyermase;O46
9__wzy__wzy-O48__453	0	0	.	.	Original name: 9__wzy__wzy-O48__453 AB811622.1;O antigen polyermase;O48
9__wzy__wzy-O49__454	0	0	.	.	Original name: 9__wzy__wzy-O49__454 AB811623.1;O antigen polyermase;O49
9__wzy__wzy-O5__455	0	0	.	.	Original name: 9__wzy__wzy-O5__455 AB811596.1;O antigen polyermase;O5
9__wzy__wzy-O50-Gp7__456	0	0	.	.	Original name: 9__wzy__wzy-O50-Gp7__456 AB811624.1;O antigen polyermase;O50
9__wzy__wzy-O51__457	0	0	.	.	Original name: 9__wzy__wzy-O51__457 AB812020.1;O antigen polyermase;O51
9__wzy__wzy-O53__458	0	0	.	.	Original name: 9__wzy__wzy-O53__458 AB812021.1;O antigen polyermase;O53
9__wzy__wzy-O54__459	0	0	.	.	Original name: 9__wzy__wzy-O54__459 AB812085.1;O antigen polyermase;O54
9__wzy__wzy-O55__460	0	0	.	.	Original name: 9__wzy__wzy-O55__460 AF461121.1;O antigen polyermase;O55
9__wzy__wzy-O55__461	0	0	.	.	Original name: 9__wzy__wzy-O55__461 AB353132.1;O antigen polyermase;O55
9__wzy__wzy-O56__462	0	0	.	.	Original name: 9__wzy__wzy-O56__462 DQ220293.1;O antigen polyermase;O56
9__wzy__wzy-O58__463	0	0	.	.	Original name: 9__wzy__wzy-O58__463 EU294175.1;O antigen polyermase;O58
9__wzy__wzy-O59__464	0	0	.	.	Original name: 9__wzy__wzy-O59__464 AY654590.1;O antigen polyermase;O59
9__wzy__wzy-O6__465	0	0	.	.	Original name: 9__wzy__wzy-O6__465 CP002185.1;O antigen polyermase;O6
9__wzy__wzy-O6__466	0	0	.	.	Original name: 9__wzy__wzy-O6__466 AB811597.1;O antigen polyermase;O6
9__wzy__wzy-O61__467	0	0	.	.	Original name: 9__wzy__wzy-O61__467 GU220362.1;O antigen polyermase;O61
9__wzy__wzy-O62-Gp14__468	0	0	.	.	Original name: 9__wzy__wzy-O62-Gp14__468 AB812023.1;O antigen polyermase;O62
9__wzy__wzy-O63__469	0	0	.	.	Original name: 9__wzy__wzy-O63__469 FJ539195.1;O antigen polyermase;O63
9__wzy__wzy-O63__470	0	0	.	.	Original name: 9__wzy__wzy-O63__470 AB812024.1;O antigen polyermase;O63
9__wzy__wzy-O64__471	0	0	.	.	Original name: 9__wzy__wzy-O64__471 AB812025.1;O antigen polyermase;O64
9__wzy__wzy-O65__472	0	0	.	.	Original name: 9__wzy__wzy-O65__472 AB812026.1;O antigen polyermase;O65
9__wzy__wzy-O66__473	0	0	.	.	Original name: 9__wzy__wzy-O66__473 DQ069297.1;O antigen polyermase;O66
9__wzy__wzy-O68-Gp14__474	0	0	.	.	Original name: 9__wzy__wzy-O68-Gp14__474 AB812027.1;O antigen polyermase;O68
9__wzy__wzy-O69__475	0	0	.	.	Original name: 9__wzy__wzy-O69__475 AB812028.1;O antigen polyermase;O69
9__wzy__wzy-O7__476	0	0	.	.	Original name: 9__wzy__wzy-O7__476 AF125322.1;O antigen polyermase;O7
9__wzy__wzy-O7__477	0	0	.	.	Original name: 9__wzy__wzy-O7__477 AB490074.1;O antigen polyermase;O7
9__wzy__wzy-O70__478	0	0	.	.	Original name: 9__wzy__wzy-O70__478 AB812029.1;O antigen polyermase;O70
9__wzy__wzy-O71__479	0	0	.	.	Original name: 9__wzy__wzy-O71__479 GU445927.1;O antigen polyermase;O71
9__wzy__wzy-O73-Gp9__480	0	0	.	.	Original name: 9__wzy__wzy-O73-Gp9__480 DQ000313.1;O antigen polyermase;O73
9__wzy__wzy-O74__481	0	0	.	.	Original name: 9__wzy__wzy-O74__481 AB812030.1;O antigen polyermase;O74
9__wzy__wzy-O75__482	0	0	.	.	Original name: 9__wzy__wzy-O75__482 GU299795.1;O antigen polyermase;O75
9__wzy__wzy-O76__483	0	0	.	.	Original name: 9__wzy__wzy-O76__483 AB812031.1;O antigen polyermase;O76
9__wzy__wzy-O78__484	0	0	.	.	Original name: 9__wzy__wzy-O78__484 FJ940775.1;O antigen polyermase;O78
9__wzy__wzy-O79__485	0	0	.	.	Original name: 9__wzy__wzy-O79__485 EU294162.1;O antigen polyermase;O79
9__wzy__wzy-O8__486	0	0	.	.	Original name: 9__wzy__wzy-O8__486 AF013583.1;O antigen polyermase;O8
9__wzy__wzy-O8__487	0	0	.	.	Original name: 9__wzy__wzy-O8__487 AB811598.1;O antigen polyermase;O8
9__wzy__wzy-O80__488	0	0	.	.	Original name: 9__wzy__wzy-O80__488 AB812032.1;O antigen polyermase;O80
9__wzy__wzy-O81__489	0	0	.	.	Original name: 9__wzy__wzy-O81__489 AB812033.1;O antigen polyermase;O81
9__wzy__wzy-O82__490	0	0	.	.	Original name: 9__wzy__wzy-O82__490 AB812034.1;O antigen polyermase;O82
9__wzy__wzy-O83__491	0	0	.	.	Original name: 9__wzy__wzy-O83__491 AB812035.1;O antigen polyermase;O83
9__wzy__wzy-O84__492	0	0	.	.	Original name: 9__wzy__wzy-O84__492 AB812036.1;O antigen polyermase;O84
9__wzy__wzy-O85__493	0	0	.	.	Original name: 9__wzy__wzy-O85__493 GU299798.1;O antigen polyermase;O85
9__wzy__wzy-O86__494	0	0	.	.	Original name: 9__wzy__wzy-O86__494 AY220982.1;O antigen polyermase;O86
9__wzy__wzy-O86__495	0	0	.	.	Original name: 9__wzy__wzy-O86__495 AY667408.1;O antigen polyermase;O86
9__wzy__wzy-O86__496	0	0	.	.	Original name: 9__wzy__wzy-O86__496 AY670704.1;O antigen polyermase;O86
9__wzy__wzy-O87__497	0	0	.	.	Original name: 9__wzy__wzy-O87__497 EU294177.1;O antigen polyermase;O87
9__wzy__wzy-O88__498	0	0	.	.	Original name: 9__wzy__wzy-O88__498 AB812037.1;O antigen polyermase;O88
9__wzy__wzy-O90-Gp4__499	0	0	.	.	Original name: 9__wzy__wzy-O90-Gp4__499 AB812039.1;O antigen polyermase;O90
9__wzy__wzy-O91__500	0	0	.	.	Original name: 9__wzy__wzy-O91__500 AY035396.1;O antigen polyermase;O91
9__wzy__wzy-O93__501	0	0	.	.	Original name: 9__wzy__wzy-O93__501 AB812041.1;O antigen polyermase;O93
9__wzy__wzy-O96__502	0	0	.	.	Original name: 9__wzy__wzy-O96__502 AB812043.1;O antigen polyermase;O96
9__wzy__wzy-O98__503	0	0	.	.	Original name: 9__wzy__wzy-O98__503 DQ180602.1;O antigen polyermase;O98
9__wzy__wzy-O116var1__504	0	0	.	.	Original name: 9__wzy__wzy-O116var1__504 ERS085345;O antigen polyermase;O116-like
8__wzx__wzx-O116var1__505	0	0	.	.	Original name: 8__wzx__wzx-O116var1__505 ERS085345;O antigen flippase;O116-like
9__wzy__wzy-O124var1__506	0	0	.	.	Original name: 9__wzy__wzy-O124var1__506 ERS085400;O antigen polyermase;O124-like
8__wzx__wzx-O2var1__507	0	0	.	.	Original name: 8__wzx__wzx-O2var1__507 ERS085421;O antigen flippase;O2-like
9__wzy__wzy-O2var1__508	0	0	.	.	Original name: 9__wzy__wzy-O2var1__508 ERS085421;O antigen polyermase;O2-like
8__wzx__wzx-O153var1__509	0	0	.	.	Original name: 8__wzx__wzx-O153var1__509 ERS139265;O antigen flippase;O153-like
9__wzy__wzy-O153var1__510	0	0	.	.	Original name: 9__wzy__wzy-O153var1__510 ERS139265;O antigen polyermase;O153-like
8__wzx__wzx-O153var2__511	0	0	.	.	Original name: 8__wzx__wzx-O153var2__511 ERS085437;O antigen flippase;O153-like
9__wzy__wzy-O153var2__512	0	0	.	.	Original name: 9__wzy__wzy-O153var2__512 ERS085437;O antigen polyermase;O153-like
8__wzx__wzx-O108var1__513	0	0	.	.	Original name: 8__wzx__wzx-O108var1__513 ERS150902;O antigen flippase;O108-like
9__wzy__wzy-O108var1__514	0	0	.	.	Original name: 9__wzy__wzy-O108var1__514 ERS150902;O antigen polyermase;O108-like
6__wzm__wzm-Onovel32__515	0	0	.	.	Original name: 6__wzm__wzm-Onovel32__515 SRR2544773;O-antigen ABC transporter permease;Onovel32
7__wzt__wzt-Onovel32__516	0	0	.	.	Original name: 7__wzt__wzt-Onovel32__516 SRR2544773;ATP-binding protein;Onovel32
8__wzx__wzx-O40__517	0	0	.	.	Original name: 8__wzx__wzx-O40__517 ERR119553;O antigen flippase;O40-like
9__wzy__wzy-O40__518	0	0	.	.	Original name: 9__wzy__wzy-O40__518 ERR119553;O antigen polyermase;O40-like
8__wzx__wzx-O174__519	0	0	.	.	Original name: 8__wzx__wzx-O174__519 ERR119568;O antigen flippase;O174-like
9__wzy__wzy-O174__520	0	0	.	.	Original name: 9__wzy__wzy-O174__520 ERR119568;O antigen polyermase;O174-like
6__wzm__wzm-O9__521	0	0	.	.	Original name: 6__wzm__wzm-O9__521 SRR1181545;O-antigen ABC transporter permease;O9-like
7__wzt__wzt-O9__522	0	0	.	.	Original name: 7__wzt__wzt-O9__522 SRR1181545;ATP-binding protein;O9-like
8__wzx__wzx-O22__523	0	0	.	.	Original name: 8__wzx__wzx-O22__523 SRR1505391;O antigen flippase;O22-like
9__wzy__wzy-O22__524	0	0	.	.	Original name: 9__wzy__wzy-O22__524 SRR1505391;O antigen polyermase;O22-like
8__wzx__wzx-Onovel31__525	0	0	.	.	Original name: 8__wzx__wzx-Onovel31__525 SRR1982228;O antigen flippase;Onovel31
9__wzy__wzy-Onovel31__526	0	0	.	.	Original name: 9__wzy__wzy-Onovel31__526 SRR1982228;O antigen polyermase;Onovel31
8__wzx__wzx-Onovel1__527	0	0	.	.	Original name: 8__wzx__wzx-Onovel1__527 ERR178232;O antigen flippase;Onovel1
9__wzy__wzy-Onovel1__528	0	0	.	.	Original name: 9__wzy__wzy-Onovel1__528 ERR178232;O antigen polyermase;Onovel1
9__wzy__wzy-Onovel1__529	0	0	.	.	Original name: 9__wzy__wzy-Onovel1__529 SRR2960802;O antigen polyermase;Onovel1
8__wzx__wzx-Onovel1__530	0	0	.	.	Original name: 8__wzx__wzx-Onovel1__530 SRR2960802;O antigen flippase;Onovel1
8__wzx__wzx-Onovel2__531	0	0	.	.	Original name: 8__wzx__wzx-Onovel2__531 SRR1198904;O antigen flippase;Onovel2
9__wzy__wzy-Onovel2__532	0	0	.	.	Original name: 9__wzy__wzy-Onovel2__532 SRR1198904;O antigen polyermase;Onovel2
8__wzx__wzx-Onovel3__533	0	0	.	.	Original name: 8__wzx__wzx-Onovel3__533 SRR1570089;O antigen flippase;Onovel3
9__wzy__wzy-Onovel3__534	0	0	.	.	Original name: 9__wzy__wzy-Onovel3__534 SRR1570089;O antigen polyermase;Onovel3
9__wzy__wzy-Onovel3__535	0	0	.	.	Original name: 9__wzy__wzy-Onovel3__535 SRR2890038;O antigen polyermase;Onovel3
8__wzx__wzx-Onovel3__536	0	0	.	.	Original name: 8__wzx__wzx-Onovel3__536 SRR2890038;O antigen flippase;Onovel3
9__wzy__wzy-Onovel4__537	0	0	.	.	Original name: 9__wzy__wzy-Onovel4__537 SRR2085677;O antigen polyermase;Onovel4
8__wzx__wzx-Onovel4__538	0	0	.	.	Original name: 8__wzx__wzx-Onovel4__538 SRR2085677;O antigen flippase;Onovel4
9__wzy__wzy-Onovel5__539	0	0	.	.	Original name: 9__wzy__wzy-Onovel5__539 SRR2970275;O antigen polyermase;Onovel5
8__wzx__wzx-Onovel5__540	0	0	.	.	Original name: 8__wzx__wzx-Onovel5__540 SRR2970275;O antigen flippase;Onovel5
9__wzy__wzy-Onovel6__541	0	0	.	.	Original name: 9__wzy__wzy-Onovel6__541 SRR2970282;O antigen polyermase;Onovel6
8__wzx__wzx-Onovel6__542	0	0	.	.	Original name: 8__wzx__wzx-Onovel6__542 SRR2970282;O antigen flippase;Onovel6
9__wzy__wzy-Onovel7__543	0	0	.	.	Original name: 9__wzy__wzy-Onovel7__543 SRR2970285;O antigen polyermase;Onovel7
8__wzx__wzx-Onovel7__544	0	0	.	.	Original name: 8__wzx__wzx-Onovel7__544 SRR2970285;O antigen flippase;Onovel7
8__wzx__wzx-O108var1__545	0	0	.	.	Original name: 8__wzx__wzx-O108var1__545 SRR2133165;O antigen flippase;O108var1
8__wzx__wzx-Onovel8__546	0	0	.	.	Original name: 8__wzx__wzx-Onovel8__546 SRR2970151;O antigen flippase;Onovel8
9__wzy__wzy-Onovel8__547	0	0	.	.	Original name: 9__wzy__wzy-Onovel8__547 SRR2970151;O antigen polyermase;Onovel8
9__wzy__wzy-Onovel9__548	0	0	.	.	Original name: 9__wzy__wzy-Onovel9__548 SRR2970153;O antigen polyermase;Onovel9
8__wzx__wzx-Onovel9__549	0	0	.	.	Original name: 8__wzx__wzx-Onovel9__549 SRR2970153;O antigen flippase;Onovel9
9__wzy__wzy-Onovel10__550	0	0	.	.	Original name: 9__wzy__wzy-Onovel10__550 SRR2970219;O antigen polyermase;Onovel10
8__wzx__wzx-Onovel10__551	0	0	.	.	Original name: 8__wzx__wzx-Onovel10__551 SRR2970219;O antigen flippase;Onovel10
9__wzy__wzy-Onovel11__552	0	0	.	.	Original name: 9__wzy__wzy-Onovel11__552 SRR2970229;O antigen polyermase;Onovel11
8__wzx__wzx-Onovel11__553	0	0	.	.	Original name: 8__wzx__wzx-Onovel11__553 SRR2970229;O antigen flippase;Onovel11
9__wzy__wzy-Onovel12__554	0	0	.	.	Original name: 9__wzy__wzy-Onovel12__554 ERR084469;O antigen polyermase;Onovel12
8__wzx__wzx-Onovel12__555	0	0	.	.	Original name: 8__wzx__wzx-Onovel12__555 ERR084469;O antigen flippase;Onovel12
8__wzx__wzx-Onovel13__556	0	0	.	.	Original name: 8__wzx__wzx-Onovel13__556 ERR084477;O antigen flippase;Onovel13
9__wzy__wzy-Onovel13__557	0	0	.	.	Original name: 9__wzy__wzy-Onovel13__557 ERR084477;O antigen polyermase;Onovel13
8__wzx__wzx-Onovel14__558	0	0	.	.	Original name: 8__wzx__wzx-Onovel14__558 ERR089731;O antigen flippase;Onovel14
9__wzy__wzy-Onovel14__559	0	0	.	.	Original name: 9__wzy__wzy-Onovel14__559 ERR089731;O antigen polyermase;Onovel14
8__wzx__wzx-Onovel15__560	0	0	.	.	Original name: 8__wzx__wzx-Onovel15__560 ERR119540;O antigen flippase;Onovel15
9__wzy__wzy-Onovel15__561	0	0	.	.	Original name: 9__wzy__wzy-Onovel15__561 ERR119540;O antigen polyermase;Onovel15
9__wzy__wzy-Onovel16__562	0	0	.	.	Original name: 9__wzy__wzy-Onovel16__562 ERR769193;O antigen polyermase;Onovel16
8__wzx__wzx-Onovel16__563	0	0	.	.	Original name: 8__wzx__wzx-Onovel16__563 ERR769193;O antigen flippase;Onovel16
9__wzy__wzy-Onovel17__564	0	0	.	.	Original name: 9__wzy__wzy-Onovel17__564 SRR1181555;O antigen polyermase;Onovel17
8__wzx__wzx-Onovel17__565	0	0	.	.	Original name: 8__wzx__wzx-Onovel17__565 SRR1181555;O antigen flippase;Onovel17
9__wzy__wzy-Onovel18__566	0	0	.	.	Original name: 9__wzy__wzy-Onovel18__566 SRR1269403;O antigen polyermase;Onovel18
8__wzx__wzx-Onovel18__567	0	0	.	.	Original name: 8__wzx__wzx-Onovel18__567 SRR1269403;O antigen flippase;Onovel18
9__wzy__wzy-Onovel19__568	0	0	.	.	Original name: 9__wzy__wzy-Onovel19__568 SRR1269405;O antigen polyermase;Onovel19
8__wzx__wzx-Onovel19__569	0	0	.	.	Original name: 8__wzx__wzx-Onovel19__569 SRR1269405;O antigen flippase;Onovel19
8__wzx__wzx-Onovel20__570	0	0	.	.	Original name: 8__wzx__wzx-Onovel20__570 SRR1272883;O antigen flippase;Onovel20
9__wzy__wzy-Onovel20__571	0	0	.	.	Original name: 9__wzy__wzy-Onovel20__571 SRR1272883;O antigen polyermase;Onovel20
8__wzx__wzx-Onovel21__572	0	0	.	.	Original name: 8__wzx__wzx-Onovel21__572 SRR1505461;O antigen flippase;Onovel21
9__wzy__wzy-Onovel21__573	0	0	.	.	Original name: 9__wzy__wzy-Onovel21__573 SRR1505461;O antigen polyermase;Onovel21
9__wzy__wzy-Onovel22__574	0	0	.	.	Original name: 9__wzy__wzy-Onovel22__574 SRR1918972;O antigen polyermase;Onovel22
8__wzx__wzx-Onovel22__575	0	0	.	.	Original name: 8__wzx__wzx-Onovel22__575 SRR1918972;O antigen flippase;Onovel22
9__wzy__wzy-Onovel23__576	0	0	.	.	Original name: 9__wzy__wzy-Onovel23__576 SRR2085700;O antigen polyermase;Onovel23
8__wzx__wzx-Onovel23__577	0	0	.	.	Original name: 8__wzx__wzx-Onovel23__577 SRR2085700;O antigen flippase;Onovel23
8__wzx__wzx-Onovel24__578	0	0	.	.	Original name: 8__wzx__wzx-Onovel24__578 SRR2724181;O antigen flippase;Onovel24
9__wzy__wzy-Onovel24__579	0	0	.	.	Original name: 9__wzy__wzy-Onovel24__579 SRR2724181;O antigen polyermase;Onovel24
9__wzy__wzy-Onovel25__580	0	0	.	.	Original name: 9__wzy__wzy-Onovel25__580 SRR2912311;O antigen polyermase;Onovel25
8__wzx__wzx-Onovel25__581	0	0	.	.	Original name: 8__wzx__wzx-Onovel25__581 SRR2912311;O antigen flippase;Onovel25
8__wzx__wzx-Onovel26__582	0	0	.	.	Original name: 8__wzx__wzx-Onovel26__582 SRR2960801;O antigen flippase;Onovel26
9__wzy__wzy-Onovel26__583	0	0	.	.	Original name: 9__wzy__wzy-Onovel26__583 SRR2960801;O antigen polyermase;Onovel26
8__wzx__wzx-Onovel27__584	0	0	.	.	Original name: 8__wzx__wzx-Onovel27__584 SRR2970162;O antigen flippase;Onovel27
9__wzy__wzy-Onovel27__585	0	0	.	.	Original name: 9__wzy__wzy-Onovel27__585 SRR2970162;O antigen polyermase;Onovel27
9__wzy__wzy-Onovel28__586	0	0	.	.	Original name: 9__wzy__wzy-Onovel28__586 SRR2970178;O antigen polyermase;Onovel28
8__wzx__wzx-Onovel28__587	0	0	.	.	Original name: 8__wzx__wzx-Onovel28__587 SRR2970178;O antigen flippase;Onovel28
9__wzy__wzy-Onovel29__588	0	0	.	.	Original name: 9__wzy__wzy-Onovel29__588 SRR2970183;O antigen polyermase;Onovel29
8__wzx__wzx-Onovel29__589	0	0	.	.	Original name: 8__wzx__wzx-Onovel29__589 SRR2970183;O antigen flippase;Onovel29
9__wzy__wzy-Onovel30__590	0	0	.	.	Original name: 9__wzy__wzy-Onovel30__590 SRR2970185;O antigen polyermase;Onovel30
8__wzx__wzx-Onovel30__591	0	0	.	.	Original name: 8__wzx__wzx-Onovel30__591 SRR2970185;O antigen flippase;Onovel30
8__wzx__wzx-OgN9__592	0	0	.	.	Original name: 8__wzx__wzx-OgN9__592 LC125929.1;O antigen flippase;OgN9
9__wzy__wzy-OgN9__593	0	0	.	.	Original name: 9__wzy__wzy-OgN9__593 LC125929.1;O antigen polyermase;OgN9
8__wzx__wzx-OgN12__594	0	0	.	.	Original name: 8__wzx__wzx-OgN12__594 LC125931.1;O antigen flippase;OgN12
9__wzy__wzy-OgN12__595	0	0	.	.	Original name: 9__wzy__wzy-OgN12__595 LC125931.1;O antigen polyermase;OgN12
8__wzx__wzx-OgN31__596	0	0	.	.	Original name: 8__wzx__wzx-OgN31__596 LC125932.1;O antigen flippase;OgN31
9__wzy__wzy-OgN31__597	0	0	.	.	Original name: 9__wzy__wzy-OgN31__597 LC125932.1;O antigen polyermase;OgN31
